¶mÂí¥«°Ï,¯²¸î¼Ðªº,¤g¦a°Ï¬q¦ì¸m©Î«Øª«°ÏªùµP,¯²¸îÁ`­±¿n¥­¤è¤½¤Ø,³£¥«¤g¦a¨Ï¥Î¤À°Ï,«D³£¥«¤g¦a¨Ï¥Î¤À°Ï,«D³£¥«¤g¦a¨Ï¥Î½s©w,¯²¸î¦~¤ë¤é,¯²¸îµ§´É¼Æ,¯²¸î¼h¦¸,Á`¼Ó¼h¼Æ,«Øª««¬ºA,¥D­n¥Î³~,¥D­n«Ø§÷,«Ø¿v§¹¦¨¦~¤ë,¯²¸îÁ`­±¿n¥­¤è¤½¤Ø,«Øª«²{ªp®æ§½-©Ð,«Øª«²{ªp®æ§½-ÆU,«Øª«²{ªp®æ§½-½Ã,«Øª«²{ªp®æ§½-¹j¶¡,¦³µLºÞ²z²ÕÂ´,¦³µLªþ³Ã­Ñ,Á`ÃB¤¸,³æ»ù¨C¥­¤è¤½¤Ø,¨®¦ìÃþ§O,¯²¸îÁ`­±¿n¥­¤è¤½¤Ø,¯²ª÷Á`ÃB¤¸,³Æµù,½s¸¹
¥_°Ï,«Øª«,»O¤¤¥«¥_°ÏÀA·sµó1~30¸¹,0.0,¦í,,,1051205,¤g¦a0«Øª«1¨®¦ì0,¨£¨ä¥Lµn°O¨Æ¶µ,5,©±­±(©±¾Q),¨£¨ä¥Lµn°O¨Æ¶µ,¿ûµ¬²V¾®¤g³y,0940520,133.10999999999999,0,2,1,¦³,µL,µL,42000,316,,0.0,0,,RPOOMLLLKILFFBB27CC
«n¤Ù°Ï,©Ð¦a(¤g¦a+«Øª«),»O¤¤¥««n¤Ù°Ï¤­Åv¦è¸ô¤G¬q211~240¸¹,1373.0,¦í,,,1050929,¤g¦a3«Øª«1¨®¦ì0,¨£¨ä¥Lµn°O¨Æ¶µ,1,©±­±(©±¾Q),¦í°Ó¥Î,¿û³y,0780111,351.5,0,0,0,µL,µL,µL,250000,711,,0.0,0,,RPXNMLLLKILFFCB18CC
Às¤«°Ï,©Ð¦a(¤g¦a+«Øª«),»O¤¤¥«Às¤«°Ï¤¤¥¡¸ô¤@¬q238«Ñ1~30¸¹,98.0,¦í,,,1051215,¤g¦a2«Øª«1¨®¦ì0,¥þ,4,³z¤Ñ­í,¦í®a¥Î,¿ûµ¬²V¾®¤g³y,1040225,217.5,6,2,3,¦³,µL,µL,25000,115,,0.0,0,,RPRNMLNLKILFFIL86DC
¥_¤Ù°Ï,«Øª«,»O¤¤¥«¥_¤Ù°Ï±R¼w¸ô¤T¬q121~150¸¹,0.0,¦í,,,1051130,¤g¦a0«Øª«1¨®¦ì1,¨£¨ä¥Lµn°O¨Æ¶µ,21,©±­±(©±¾Q),¨£¨ä¥Lµn°O¨Æ¶µ,¿ûµ¬²V¾®¤g³y,1050427,203.92000000000002,0,2,1,¦³,¦³,µL,82000,402,©Y¹D¥­­±,28.13,0,,RPROMLQLKILFFBB08CC
«n¤Ù°Ï,©Ð¦a(¤g¦a+«Øª«),»O¤¤¥««n¤Ù°Ï¤z«°µó196«Ñ31~60¸¹,52.0,¦í,,,1051209,¤g¦a1«Øª«1¨®¦ì0,¥þ,2,³z¤Ñ­í,¦í®a¥Î,¥[±j¿j³y,0640806,61.6,3,2,2,¦³,µL,¦³,22500,365,,0.0,0,,RPTOMLRLKILFFCB48CC
¦è°Ï,©Ð¦a(¤g¦a+«Øª«),»O¤¤¥«¦è°Ï¤­Åv¸ô2¤§211~240¸¹,80.0,°Ó,,,1051215,¤g¦a1«Øª«1¨®¦ì0,¥þ,4,³z¤Ñ­í,°Ó·~¥Î,¨£¨ä¥Lµn°O¨Æ¶µ,0631129,287.04,1,4,3,¦³,µL,µL,23000,80,,0.0,0,,RPPPMLTLKILFFAB28DC
¦è¤Ù°Ï,©Ð¦a(¤g¦a+«Øª«)+¨®¦ì,»O¤¤¥«¦è¤Ù°Ï´Â°¨¤Cµó1~30¸¹,19.77,¦í,,,1051212,¤g¦a1«Øª«1¨®¦ì1,¥þ,4,³z¤Ñ­í,¨£¨ä¥Lµn°O¨Æ¶µ,¿ûµ¬²V¾®¤g³y,0840414,77.46,4,2,3,¦³,µL,µL,33000,426,¨ä¥L,0.0,0,,RPXOMLNJJHMFFCB28DC
«n¤Ù°Ï,©Ð¦a(¤g¦a+«Øª«),»O¤¤¥««n¤Ù°Ï¤½¯q¸ô¤G¬q391~420¸¹,1863.9,¦í,,,1051130,¤g¦a1«Øª«1¨®¦ì0,¨£¨ä¥Lµn°O¨Æ¶µ,3,¨ä¥L,¨£¨ä¥Lµn°O¨Æ¶µ,¿ûµ¬²V¾®¤g³y,0880601,2096.8,0,0,0,µL,µL,¦³,650000,310,,0.0,0,"«e¤T¦~¨C¤ë¯²ª÷·s¥x¹ô65¸U¤¸(§tµ|),²Ä¥|¦~¦Ü²Ä¤­¦~¤@¤ë¤î,¨C¤ë¯²ª÷·s¥x¹ô70¸U¤¸(§tµ|),¨T¨®®ÈÀ]",RPQOMLPJJHMFFCB67CC
¥_¤Ù°Ï,©Ð¦a(¤g¦a+«Øª«),»O¤¤¥«¥_¤Ù°Ï¥_¤Ù¸ô240«Ñ61~90¸¹,12.85,¦í,,,1060109,¤g¦a1«Øª«1¨®¦ì0,¤E¼h,14,¦í¦v¤j¼Ó(11¼h§t¥H¤W¦³¹q±è),¦í®a¥Î,¿ûµ¬²V¾®¤g³y,0810627,117.88,3,2,2,¦³,¦³,¦³,13000,110,,0.0,0,,RPROMLQKJHMFFBB87CC
¥_¤Ù°Ï,©Ð¦a(¤g¦a+«Øª«),»O¤¤¥«¥_¤Ù°Ï¥_¤Ù¸ô240«Ñ61~90¸¹,12.85,¦í,,,1060109,¤g¦a1«Øª«1¨®¦ì0,¤E¼h,14,¦í¦v¤j¼Ó(11¼h§t¥H¤W¦³¹q±è),¦í®a¥Î,¿ûµ¬²V¾®¤g³y,0810627,117.88,3,2,2,¦³,¦³,¦³,13000,110,,0.0,0,,RPSOMLQKJHMFFBB97CC
¥_°Ï,«Øª«,»O¤¤¥«¥_°Ï¤¤²M¸ô¤@¬q451~480¸¹,72.0,°Ó,,,1051219,¤g¦a0«Øª«1¨®¦ì0,¥þ,3,³z¤Ñ­í,¦í®a¥Î,¿ûµ¬²V¾®¤g¥[±j¿j³y,0561116,192.64,2,2,2,¦³,µL,µL,18000,93,,0.0,0,,RPVOMLQKJHMFFBB28CC
¥_¤Ù°Ï,©Ð¦a(¤g¦a+«Øª«)+¨®¦ì,»O¤¤¥«¥_¤Ù°Ï¿ñ¹ç¸ô¤@¬q160«Ñ1~30¸¹,16.35,¦í,,,1060115,¤g¦a2«Øª«1¨®¦ì1,¤E¼h,14,¦í¦v¤j¼Ó(11¼h§t¥H¤W¦³¹q±è),¦í®a¥Î,¿ûµ¬²V¾®¤g³y,0890218,141.62,3,2,2,¦³,¦³,¦³,20800,147,©Y¹D¾÷±ñ,10.01,0,,RPWOMLQKJHMFFBB38CC
¥_¤Ù°Ï,©Ð¦a(¤g¦a+«Øª«),»O¤¤¥«¥_¤Ù°Ï¥_¤Ù¸ô391~420¸¹,10.52,¦í,,,1060113,¤g¦a2«Øª«1¨®¦ì0,¤­¼h,14,¦í¦v¤j¼Ó(11¼h§t¥H¤W¦³¹q±è),¦í®a¥Î,¿ûµ¬²V¾®¤g³y,0890218,84.45,2,2,1,¦³,¦³,¦³,13000,154,,0.0,0,,RPXOMLQKJHMFFBB48CC
¥_¤Ù°Ï,«Øª«,»O¤¤¥«¥_¤Ù°Ï±ö¤t¦è¸ô¥|¬q271~300¸¹,0.0,¦í,,,1051229,¤g¦a0«Øª«3¨®¦ì3,¨£¨ä¥¦µn°O¨Æ¶µ,19,©±­±(©±¾Q),¦í°Ó¥Î,¿ûµ¬²V¾®¤g³y,0830906,446.9,1,4,3,¦³,¦³,µL,70000,157,©Y¹D¥­­±,0.0,0,©Ó¯²¤T­ÓªùµP¡A106/1/1-106/3/31¸Ë­×´Á¡A¤£¦¬¯²ª÷¡A¨®¦ì­±¿nµLªk¤Àºâ,RPSPMLQKJHMFFBB08CC
¥_¤Ù°Ï,©Ð¦a(¤g¦a+«Øª«),»O¤¤¥«¥_¤Ù°ÏªF¤s¸ô¤@¬q133«Ñ1~30¸¹,20.72,¦í,,,1060111,¤g¦a1«Øª«1¨®¦ì0,¤T¼h,5,¤½´J(5¼Ó§t¥H¤UµL¹q±è),¦í®a¥Î,¿ûµ¬²V¾®¤g³y,0680926,67.47,3,2,2,¦³,µL,¦³,9500,141,,0.0,0,,RPUNMLQKJHMFFBB18DC
¤Ó¥­°Ï,«Øª«,»O¤¤¥«¤Ó¥­°Ï¾ð§µ¸ô31~60¸¹,0.0,°Ó,,,1060106,¤g¦a0«Øª«0¨®¦ì0,¥|¼h,4,®M©Ð(1©Ð1ÆU1½Ã),¨£¨ä¥Lµn°O¨Æ¶µ,¿ûµ¬²V¾®¤g³y,1020513,34.6,1,0,1,¦³,µL,µL,7000,202,,0.0,0,,RPWOMLQKJHMFFHL37CC
¤Ó¥­°Ï,©Ð¦a(¤g¦a+«Øª«),»O¤¤¥«¤Ó¥­°Ï¾ð¼w¸ô91~120¸¹,78.05,¦í,,,1060112,¤g¦a1«Øª«1¨®¦ì0,¥þ,4,³z¤Ñ­í,¨£¨ä¥Lµn°O¨Æ¶µ,¿ûµ¬²V¾®¤g³y,0940121,192.27,4,3,3,¦³,µL,µL,28000,146,,0.0,0,,RPQPMLQKJHMFFHL86CC
«n°Ï,©Ð¦a(¤g¦a+«Øª«),»O¤¤¥««n°Ï©¾©ú«n¸ô901~930¸¹,17.25,¨ä¥L,,,1051001,¤g¦a3«Øª«1¨®¦ì0,¤G¼h,27,¦í¦v¤j¼Ó(11¼h§t¥H¤W¦³¹q±è),¨£¨ä¥Lµn°O¨Æ¶µ,¨£¨ä¥Lµn°O¨Æ¶µ,0840525,237.06,2,4,3,¦³,µL,µL,40000,169,,0.0,0,¯²¸î´Á¦Û105/10/01~114/12/31¦]Âù¤è¦³¦ý®Ñ¶·µ¥©Ó¯²¤è¥Ó½ÐÀç·~µn°O¹LÃö¦X¬ù¤~¥Í®Ä¥B©Ó¯²¤è¤~·|µ¹¯²ª÷¦]106/1¤w³q¹L©Ò¥H¦¹¦X¬ù¶}©l¥Í®Ä¤~°µ¹ê»ùµn¿ý¦b¦¹»¡©ú ÁÂÁÂ,RPPNMLQKJHMFFAB47CC
¦è°Ï,©Ð¦a(¤g¦a+«Øª«),»O¤¤¥«¦è°Ï¦V¤W¸ô¤@¬q79«Ñ1~30¸¹,80.0,¦í,,,1051222,¤g¦a1«Øª«1¨®¦ì0,¥þ,4,³z¤Ñ­í,¦í°Ó¥Î,¿ûµ¬²V¾®¤g³y,0691020,246.45,3,3,2,¦³,µL,µL,38000,154,,0.0,0,,RPTPMLRKJHMFFAB18CC
¦è°Ï,©Ð¦a(¤g¦a+«Øª«)+¨®¦ì,»O¤¤¥«¦è°Ï¤j¶©¸ô1~30¸¹,34.3,¦í,,,1051219,¤g¦a1«Øª«1¨®¦ì2,¤C¼h,14,¿ì¤½°Ó·~¤j¼Ó,°Ó·~¥Î,¿ûµ¬²V¾®¤g³y,0791110,304.15,0,0,0,µL,¦³,µL,48000,158,©Y¹D¾÷±ñ,0.0,0,,RPUPMLRKJHMFFAB28CC
¦è°Ï,©Ð¦a(¤g¦a+«Øª«),»O¤¤¥«¦è°Ï¬ü§ø¸ô¤@¬q149«Ñ1~30¸¹,130.0,°Ó,,,1060116,¤g¦a1«Øª«1¨®¦ì0,¥þ,2,³z¤Ñ­í,¦í®a¥Î,¨£¨ä¥Lµn°O¨Æ¶µ,0620124,69.3,1,2,2,¦³,µL,µL,55000,794,,0.0,0,,RPWPMLRKJHMFFAB48CC
¥_°Ï,©Ð¦a(¤g¦a+«Øª«),»O¤¤¥«¥_°Ï¤å¤ß¸ô¥|¬q181~210¸¹,7.29,¦í,,,1051222,¤g¦a1«Øª«1¨®¦ì0,¤»¼h,21,¦í¦v¤j¼Ó(11¼h§t¥H¤W¦³¹q±è),¦í®a¥Î,¿û°©¿ûµ¬²V¾®¤g³y,0841208,106.5,4,3,2,¦³,¦³,¦³,19000,178,,0.0,0,§tºÞ²z¶O,RPXNMLRKJHMFFBB58DC
Às¤«°Ï,©Ð¦a(¤g¦a+«Øª«),»O¤¤¥«Às¤«°Ï¹C¶é«n¸ô241~270¸¹,78.82,,¶m§ø°Ï,¤AºØ«Ø¿v¥Î¦a,1060102,¤g¦a2«Øª«1¨®¦ì0,¥þ,3,³z¤Ñ­í,¦í°Ó¥Î,¥[±j¿j³y,0680705,178.02,3,3,3,¦³,µL,µL,18000,101,,0.0,0,,RPQNMLRKJHMFFIL86CC
Às¤«°Ï,©Ð¦a(¤g¦a+«Øª«),»O¤¤¥«Às¤«°Ï·s¿³¸ô85«Ñ31~60¸¹,62.03,,¶m§ø°Ï,¤AºØ«Ø¿v¥Î¦a,1060105,¤g¦a1«Øª«1¨®¦ì0,¥þ,2,³z¤Ñ­í,¦í°Ó¥Î,¥[±j¿j³y,0691230,107.59,4,2,3,¦³,µL,¦³,15000,139,,0.0,0,,RPRNMLRKJHMFFIL96CC
¥_°Ï,©Ð¦a(¤g¦a+«Øª«),»O¤¤¥«¥_°Ï¬ü¼wµó1~30¸¹,70.0,¦í,,,1051222,¤g¦a1«Øª«1¨®¦ì0,¤@¼h,5,©±­±(©±¾Q),¨£¨ä¥¦µn°O¨Æ¶µ,¿ûµ¬²V¾®¤g³y,1030110,32.39,1,0,1,¦³,µL,¦³,20000,617,,0.0,0,,RPSOMLRKJHMFFBB08CC
¥_¤Ù°Ï,«Øª«,»O¤¤¥«¥_¤Ù°Ï¿³¦w¸ô¤G¬q461«Ñ1~30¸¹,0.0,¦í,,,1051221,¤g¦a0«Øª«1¨®¦ì1,¤E¼h,16,¦í¦v¤j¼Ó(11¼h§t¥H¤W¦³¹q±è),¦í®a¥Î,¿ûµ¬²V¾®¤g³y,0890616,163.58,4,2,2,¦³,¦³,¦³,23000,141,©Y¹D¾÷±ñ,22.5,0,,RPOPMLRKJHMFFBB77CC
¦è¤Ù°Ï,©Ð¦a(¤g¦a+«Øª«)+¨®¦ì,»O¤¤¥«¦è¤Ù°Ï¤j¼[20µó91~120¸¹,160.87,¦í,,,1051219,¤g¦a1«Øª«1¨®¦ì3,¤G¼h,7,¿ì¤½°Ó·~¤j¼Ó,¨£¨ä¥Lµn°O¨Æ¶µ,¿ûµ¬²V¾®¤g³y,0790822,259.57,0,0,0,µL,¦³,µL,41300,159,©Y¹D¾÷±ñ,0.0,63000,,RPXPMLRKJHMFFCB78CC
«n¤Ù°Ï,«Øª«,»O¤¤¥««n¤Ù°ÏªF¿³¦èµó1~30¸¹,0.0,¦í,,,1051219,¤g¦a0«Øª«1¨®¦ì0,¤E¼h,12,¦í¦v¤j¼Ó(11¼h§t¥H¤W¦³¹q±è),¦í®a¥Î,¿ûµ¬²V¾®¤g³y,0801206,39.95,3,2,2,¦³,¦³,¦³,9000,225,,0.0,0,¯²ª÷§tºÞ²z¶O¡C,RPPQMLRKJHMFFCB08CC
¦è¤Ù°Ï,©Ð¦a(¤g¦a+«Øª«),»O¤¤¥«¦è¤Ù°Ï¤å¤ß¸ô¤T¬q1~30¸¹,6.48,°Ó,,,1051221,¤g¦a1«Øª«1¨®¦ì0,¤Q¼h,26,®M©Ð(1©Ð1ÆU1½Ã),¦í®a¥Î,¿ûµ¬²V¾®¤g³y,0980813,71.82,1,1,1,¦³,¦³,¦³,15500,216,,0.0,0,,RPQQMLRKJHMFFCB18CC
«n¤Ù°Ï,©Ð¦a(¤g¦a+«Øª«),»O¤¤¥««n¤Ù°Ï©¾«i¸ô31~60¸¹,17.07,¦í,,,1051219,¤g¦a1«Øª«1¨®¦ì0,¤@¼h,14,©±­±(©±¾Q),¨£¨ä¥Lµn°O¨Æ¶µ,¿ûµ¬²V¾®¤g³y,1021017,146.6,1,0,1,¦³,¦³,¦³,30500,208,,0.0,0,¯²ª÷§tºÞ²z¶O¡C,RPSQMLRKJHMFFCB38CC
¦è¤Ù°Ï,©Ð¦a(¤g¦a+«Øª«),»O¤¤¥«¦è¤Ù°Ï´Â´I¸ô211~240¸¹,15.4,¨ä¥L,,,1051226,¤g¦a1«Øª«1¨®¦ì0,¤G¤Q¤@¼h,34,¿ì¤½°Ó·~¤j¼Ó,¨£¨ä¥Lµn°O¨Æ¶µ,¿û°©¿ûµ¬²V¾®¤g³y,1040924,253.10000000000002,0,0,0,µL,¦³,µL,51302,203,,0.0,0,,RPTQMLRKJHMFFCB48CC
¦è¤Ù°Ï,©Ð¦a(¤g¦a+«Øª«),»O¤¤¥«¦è¤Ù°Ï¤å¤ß¸ô¤T¬q1~30¸¹,7.04,°Ó,,,1060103,¤g¦a1«Øª«1¨®¦ì0,¤Q¤K¼h,26,¦í¦v¤j¼Ó(11¼h§t¥H¤W¦³¹q±è),¦í®a¥Î,¿ûµ¬²V¾®¤g³y,0980813,70.47,0,0,0,µL,¦³,¦³,16000,227,,0.0,0,,RPQRMLRKJHMFFCB28CC
¦è¤Ù°Ï,©Ð¦a(¤g¦a+«Øª«)+¨®¦ì,»O¤¤¥«¦è¤Ù°Ï¤å¤ß¸ô¤T¬q1~30¸¹,6.72,°Ó,,,1060108,¤g¦a1«Øª«1¨®¦ì1,¤Q¤K¼h,26,¦í¦v¤j¼Ó(11¼h§t¥H¤W¦³¹q±è),¦í®a¥Î,¿ûµ¬²V¾®¤g³y,0980813,102.75,0,0,0,µL,¦³,¦³,18000,175,©Y¹D¥­­±,0.0,0,,RPSRMLRKJHMFFCB48CC
¥_¤Ù°Ï,©Ð¦a(¤g¦a+«Øª«),»O¤¤¥«¥_¤Ù°Ï«C®q¸ô¥|¬q1~30¸¹,70.0,°Ó,,,1060117,¤g¦a1«Øª«1¨®¦ì0,¥þ,4,³z¤Ñ­í,¦í°Ó¥Î,¿ûµ¬²V¾®¤g³y,0780601,222.61,6,0,3,¦³,µL,µL,27000,121,,0.0,0,,RPVNMLSKJHMFFBB38CC
¤Ó¥­°Ï,©Ð¦a(¤g¦a+«Øª«),»O¤¤¥«¤Ó¥­°Ï·s¥Á¸ô1~30¸¹,2.1,¦í,,,1051223,¤g¦a1«Øª«1¨®¦ì0,¤C¼h,12,®M©Ð(1©Ð1ÆU1½Ã),¨£¨ä¥Lµn°O¨Æ¶µ,¿ûµ¬²V¾®¤g³y,0831018,21.56,1,1,1,¦³,¦³,¦³,5400,250,,0.0,0,,RPQOMLSKJHMFFHL96CC
¤Ó¥­°Ï,«Øª«,»O¤¤¥«¤Ó¥­°Ï¾ð§µ¸ô31~60¸¹,0.0,°Ó,,,1051227,¤g¦a0«Øª«0¨®¦ì0,¤T¼h,4,®M©Ð(1©Ð1ÆU1½Ã),¨£¨ä¥Lµn°O¨Æ¶µ,¿ûµ¬²V¾®¤g³y,1020513,32.92,1,0,1,¦³,µL,µL,7000,213,,0.0,0,©Ó¯²³¡¤À­±¿n,RPSOMLSKJHMFFHL17CC
¤Ó¥­°Ï,©Ð¦a(¤g¦a+«Øª«),»O¤¤¥«¤Ó¥­°Ï¤¤¤s¸ô¥|¬q28«Ñ17§Ë1~30¸¹,15.04,¦í,,,1060110,¤g¦a1«Øª«1¨®¦ì0,¤»¼h,6,µØ·H(10¼h§t¥H¤U¦³¹q±è),¨£¨ä¥Lµn°O¨Æ¶µ,¿ûµ¬²V¾®¤g³y,0801015,76.72,1,1,1,¦³,¦³,¦³,8500,111,,0.0,0,,RPTOMLSKJHMFFHL27CC
¤Ó¥­°Ï,©Ð¦a(¤g¦a+«Øª«),»O¤¤¥«¤Ó¥­°Ï©yªY¸ô31~60¸¹,36.26,¦í,,,1060104,¤g¦a1«Øª«1¨®¦ì0,¤G¼h,7,µØ·H(10¼h§t¥H¤U¦³¹q±è),¨£¨ä¥Lµn°O¨Æ¶µ,¿ûµ¬²V¾®¤g³y,0790710,206.36,3,2,2,¦³,¦³,µL,22000,107,,0.0,0,,RPOPMLSKJHMFFHL86CC
¤Ó¥­°Ï,©Ð¦a(¤g¦a+«Øª«)+¨®¦ì,»O¤¤¥«¤Ó¥­°Ï¤j¤¯µó1~30¸¹,19.05,¦í,,,1051224,¤g¦a1«Øª«1¨®¦ì1,¤Q¤@¼h,12,¦í¦v¤j¼Ó(11¼h§t¥H¤W¦³¹q±è),¨£¨ä¥Lµn°O¨Æ¶µ,¿ûµ¬²V¾®¤g³y,1041123,127.11,3,2,2,¦³,¦³,µL,16000,126,©Y¹D¥­­±,12.23,0,,RPPQMLSKJHMFFHL07CC
¤Ó¥­°Ï,©Ð¦a(¤g¦a+«Øª«),»O¤¤¥«¤Ó¥­°Ï©y©÷¸ô31~60¸¹,95.87,¦í,,,1060116,¤g¦a1«Øª«1¨®¦ì0,¥þ,3,³z¤Ñ­í,¨£¨ä¥Lµn°O¨Æ¶µ,¿ûµ¬²V¾®¤g³y,0780425,163.05,4,2,3,¦³,µL,µL,13000,80,,0.0,0,,RPQQMLSKJHMFFHL17CC
¦è°Ï,©Ð¦a(¤g¦a+«Øª«),»O¤¤¥«¦è°Ï»OÆW¤j¹D¤G¬q271~300¸¹,43.1,¦í,,,1060116,¤g¦a1«Øª«1¨®¦ì0,¤@¼h,32,¿ì¤½°Ó·~¤j¼Ó,°Ó·~¥Î,¨£¨ä¥Lµn°O¨Æ¶µ,,977.0799999999999,0,0,0,µL,µL,µL,100000,102,,0.0,0,¯²¸î´Á¶¡:106/2/1~109/1/31,RPVNMLSKJHMFFAB28CC
«n°Ï,©Ð¦a(¤g¦a+«Øª«),»O¤¤¥««n°ÏªF¿³¸ô¤@¬q1~30¸¹,1.92,¦í,,,1051221,¤g¦a1«Øª«0¨®¦ì0,¤Q¼h,32,®M©Ð(1©Ð1ÆU1½Ã),¨£¨ä¥Lµn°O¨Æ¶µ,¿ûµ¬²V¾®¤g³y,0951026,41.989999999999995,1,0,1,¦³,¦³,¦³,6500,155,,0.0,0,¦¹«Øª«¹j¦¨¤G¶¡®M©Ð¡A©Ò¥H¯²¸î­±¿n·|°£2¡C,RPOPMLSKJHMFFAB77CC
«n°Ï,©Ð¦a(¤g¦a+«Øª«),»O¤¤¥««n°ÏªF¿³¸ô¤@¬q1~30¸¹,1.94,¦í,,,1051224,¤g¦a1«Øª«0¨®¦ì0,¤G¤Q¤T¼h,32,®M©Ð(1©Ð1ÆU1½Ã),¨£¨ä¥Lµn°O¨Æ¶µ,¿ûµ¬²V¾®¤g³y,0951026,42.089999999999996,1,0,1,¦³,¦³,¦³,7300,173,,0.0,0,¦¹«Øª«¦³¹j¦¨¤T¶¡®M©Ð¡A©Ò¥H­±¿n°£¥H3¡C,RPWQMLTKJHMFFAB78CC
ªF°Ï,©Ð¦a(¤g¦a+«Øª«)+¨®¦ì,»O¤¤¥«ªF°Ï¤Q¥Ò¸ô181~210¸¹,27.56,¦í,,,1051223,¤g¦a1«Øª«1¨®¦ì1,¤C¼h,11,µØ·H(10¼h§t¥H¤U¦³¹q±è),¨£¨ä¥Lµn°O¨Æ¶µ,¿ûµ¬²V¾®¤g³y,1040604,162.2,3,2,2,¦³,¦³,¦³,21000,129,©Y¹D¥­­±,25.12,0,¯²ª÷§tºÞ²z¶O¡C,RPQRMLTKJHMFFAB28CC
¦è°Ï,©Ð¦a(¤g¦a+«Øª«),»O¤¤¥«¦è°Ï»OÆW¤j¹D¤G¬q271~300¸¹,8.34,¦í,,,1060104,¤g¦a1«Øª«1¨®¦ì0,¤Q¤G¼h,32,¿ì¤½°Ó·~¤j¼Ó,¨£¨ä¥Lµn°O¨Æ¶µ,¨£¨ä¥Lµn°O¨Æ¶µ,0790926,185.54,0,0,0,µL,¦³,µL,33000,178,,0.0,0,,RPSRMLTKJHMFFAB48CC
¦è°Ï,©Ð¦a(¤g¦a+«Øª«)+¨®¦ì,»O¤¤¥«¦è°Ï»OÆW¤j¹D¤G¬q181~210¸¹,15.82,¦í,,,1060106,¤g¦a1«Øª«1¨®¦ì1,¥|¼h,13,¿ì¤½°Ó·~¤j¼Ó,¨£¨ä¥Lµn°O¨Æ¶µ,¿ûµ¬²V¾®¤g³y,0840628,172.12,0,0,0,µL,¦³,¦³,25000,145,©Y¹D¥­­±,0.0,0,,RPURMLTKJHMFFAB68CC
¯Q¤é°Ï,©Ð¦a(¤g¦a+«Øª«),»O¤¤¥«¯Q¤é°Ï¤¤¤s¸ô¤@¬q511~540¸¹,14.73,¦í,,,1051225,¤g¦a1«Øª«1¨®¦ì0,¤K¼h,14,¦í¦v¤j¼Ó(11¼h§t¥H¤W¦³¹q±è),¨£¨ä¥Lµn°O¨Æ¶µ,¿ûµ¬²V¾®¤g³y,1040925,146.06,3,2,2,¦³,¦³,¦³,20000,137,,0.0,0,,RPRNMLTKJHMFFGL96CC
¦è¤Ù°Ï,©Ð¦a(¤g¦a+«Øª«),»O¤¤¥«¦è¤Ù°Ï»OÆW¤j¹D¤G¬q871~900¸¹,6.14,¦í,,,1051222,¤g¦a1«Øª«1¨®¦ì0,¤Q¤T¼h,14,¦í¦v¤j¼Ó(11¼h§t¥H¤W¦³¹q±è),¦í®a¥Î,¿ûµ¬²V¾®¤g³y,0951124,57.11,1,1,1,¦³,¦³,¦³,16000,280,,0.0,0,¯²ª÷§tºÞ²z¶O¡C,RPXSMLTKJHMFFCB66CC
¦è¤Ù°Ï,©Ð¦a(¤g¦a+«Øª«),»O¤¤¥«¦è¤Ù°Ï¤å¤ß¸ô¤T¬q1~30¸¹,5.27,°Ó,,,1051222,¤g¦a1«Øª«1¨®¦ì0,¥|¼h,26,®M©Ð(1©Ð1ÆU1½Ã),¦í®a¥Î,¿ûµ¬²V¾®¤g³y,0980813,58.64999999999999,1,1,1,¦³,¦³,¦³,15500,264,,0.0,0,¯²ª÷§tºÞ²z¶O¡C,RPPTMLTKJHMFFCB58CC
¦è¤Ù°Ï,©Ð¦a(¤g¦a+«Øª«)+¨®¦ì,»O¤¤¥«¦è¤Ù°Ï¥«¬F¸ô481~510¸¹,15.58,¨ä¥L,,,1060103,¤g¦a1«Øª«1¨®¦ì2,¤Q¥|¼h,29,¿ì¤½°Ó·~¤j¼Ó,¨£¨ä¥Lµn°O¨Æ¶µ,¿û°©¿ûµ¬²V¾®¤g³y,1011219,264.17,0,0,0,µL,¦³,µL,52950,200,©Y¹D¾÷±ñ,0.0,0,,RPQTMLTKJHMFFCB68CC
¦è¤Ù°Ï,©Ð¦a(¤g¦a+«Øª«)+¨®¦ì,»O¤¤¥«¦è¤Ù°Ï¦Üµ½¸ô133«Ñ1~30¸¹,12.55,¦í,,,1060118,¤g¦a1«Øª«1¨®¦ì1,¤T¼h,14,¦í¦v¤j¼Ó(11¼h§t¥H¤W¦³¹q±è),¨£¨ä¥Lµn°O¨Æ¶µ,¿ûµ¬²V¾®¤g³y,0880526,156.3,3,2,2,¦³,¦³,¦³,20000,128,©Y¹D¥­­±,31.03,0,,RPRTMLTKJHMFFCB78CC
¦è¤Ù°Ï,©Ð¦a(¤g¦a+«Øª«)+¨®¦ì,»O¤¤¥«¦è¤Ù°ÏÀô¤¤¸ô¤G¬q1111~1140¸¹,24.8,¦í,,,1051222,¤g¦a1«Øª«1¨®¦ì2,¤­¼h,18,¦í¦v¤j¼Ó(11¼h§t¥H¤W¦³¹q±è),¨£¨ä¥Lµn°O¨Æ¶µ,¿ûµ¬²V¾®¤g³y,1040109,258.58000000000004,4,2,2,¦³,¦³,¦³,40000,155,©Y¹D¥­­±,59.5,0,,RPTTMLTKJHMFFCB98CC
¦è¤Ù°Ï,©Ð¦a(¤g¦a+«Øª«),»O¤¤¥«¦è¤Ù°Ï»OÆW¤j¹D¥|¬q901~930¸¹,95.49,¦í,,,1051224,¤g¦a1«Øª«4¨®¦ì0,¤Q¤T¼h,28,¿ì¤½°Ó·~¤j¼Ó,¨£¨ä¥Lµn°O¨Æ¶µ,¨£¨ä¥Lµn°O¨Æ¶µ,0810701,1803.68,0,0,0,µL,¦³,µL,316462,175,,0.0,0,,RPVTMLTKJHMFFCB56CC
¦è¤Ù°Ï,©Ð¦a(¤g¦a+«Øª«)+¨®¦ì,»O¤¤¥«¦è¤Ù°Ïº~µ¾¸ô31~60¸¹,33.84,¦í,,,1051222,¤g¦a1«Øª«1¨®¦ì2,¤Q¤T¼h,14,¦í¦v¤j¼Ó(11¼h§t¥H¤W¦³¹q±è),¦í®a¥Î,¿ûµ¬²V¾®¤g³y,1011003,271.89,4,2,2,¦³,¦³,¦³,37000,136,©Y¹D¥­­±,64.55,0,¯²ª÷§tºÞ²z¶O,RPWTMLTKJHMFFCB66CC
«n¤Ù°Ï,©Ð¦a(¤g¦a+«Øª«)+¨®¦ì,»O¤¤¥««n¤Ù°Ï¤½¯q¸ô¤G¬q481~510¸¹,11.74,¦í,,,1051223,¤g¦a1«Øª«1¨®¦ì1,¤T¼h,14,¦í¦v¤j¼Ó(11¼h§t¥H¤W¦³¹q±è),¦í®a¥Î,¨£¨ä¥Lµn°O¨Æ¶µ,0940117,137.6,3,2,2,¦³,¦³,¦³,25000,182,©Y¹D¥­­±,26.42,0,,RPPUMLTKJHMFFCB68CC
¦è¤Ù°Ï,©Ð¦a(¤g¦a+«Øª«),»O¤¤¥«¦è¤Ù°Ï´Â´I¸ô211~240¸¹,17.78,¨ä¥L,,,1060109,¤g¦a1«Øª«1¨®¦ì0,¤G¤Q¤G¼h,34,¿ì¤½°Ó·~¤j¼Ó,¨£¨ä¥Lµn°O¨Æ¶µ,¿û°©¿ûµ¬²V¾®¤g³y,1040924,282.82,0,0,0,µL,¦³,µL,62000,219,,0.0,0,,RPQUMLTKJHMFFCB78CC
«n¤Ù°Ï,©Ð¦a(¤g¦a+«Øª«)+¨®¦ì,»O¤¤¥««n¤Ù°Ï¤å¤ß¸ô¤@¬q61~90¸¹,17.03,¦í,,,1060110,¤g¦a1«Øª«1¨®¦ì1,¤C¼h,14,¿ì¤½°Ó·~¤j¼Ó,¨£¨ä¥Lµn°O¨Æ¶µ,¿ûµ¬²V¾®¤g³y,0870717,175.63,0,0,0,µL,¦³,µL,26000,148,©Y¹D¾÷±ñ,0.0,0,,RPRUMLTKJHMFFCB88CC
¦è¤Ù°Ï,©Ð¦a(¤g¦a+«Øª«),»O¤¤¥«¦è¤Ù°Ï¥«¬F¥_¤G¸ô211~240¸¹,6.85,¨ä¥L,,,1060112,¤g¦a1«Øª«1¨®¦ì0,¤G¤Q¤@¼h,36,¿ì¤½°Ó·~¤j¼Ó,¨£¨ä¥Lµn°O¨Æ¶µ,¿û°©¿ûµ¬²V¾®¤g³y,1030403,122.34,0,0,0,µL,¦³,µL,35000,286,,0.0,0,,RPTUMLTKJHMFFCB09CC
¦è¤Ù°Ï,©Ð¦a(¤g¦a+«Øª«)+¨®¦ì,»O¤¤¥«¦è¤Ù°Ï¥«¬F¸ô361~390¸¹,36.39,¨ä¥L,,,1060112,¤g¦a1«Øª«2¨®¦ì6,¤Q¤»¼h,38,¿ì¤½°Ó·~¤j¼Ó,¨£¨ä¥Lµn°O¨Æ¶µ,¨£¨ä¥Lµn°O¨Æ¶µ,0990604,577.36,0,0,0,µL,¦³,¦³,148000,256,©Y¹D¾÷±ñ,0.0,0,,RPVUMLTKJHMFFCB66CC
¦è¤Ù°Ï,©Ð¦a(¤g¦a+«Øª«),»O¤¤¥«¦è¤Ù°Ï»OÆW¤j¹D¥|¬q901~930¸¹,16.75,¦í,,,1060116,¤g¦a1«Øª«1¨®¦ì0,¤Q¼h,28,¿ì¤½°Ó·~¤j¼Ó,¨£¨ä¥Lµn°O¨Æ¶µ,¨£¨ä¥Lµn°O¨Æ¶µ,0810701,310.47,0,0,0,µL,¦³,µL,46960,151,,0.0,0,,RPWRMLKLJHMFFCB28CC
¥_¤Ù°Ï,©Ð¦a(¤g¦a+«Øª«)+¨®¦ì,»O¤¤¥«¥_¤Ù°Ï¥_¤Ù¸ô331~360¸¹,0.85,¦í,,,1051221,¤g¦a3«Øª«1¨®¦ì0,¤Q¥|¼h,19,¿ì¤½°Ó·~¤j¼Ó,°Ó·~¥Î,¿ûµ¬²V¾®¤g³y,0811110,153.3,0,0,0,µL,¦³,¦³,20110,131,©Y¹D¥­­±,0.0,0,"©Ò¦³Åv¤H«ù¦³¦h¤á, ¤g¦aµLªk¤Àºâ",RPROMLKLJHMFFBB37CC
¥_¤Ù°Ï,©Ð¦a(¤g¦a+«Øª«)+¨®¦ì,»O¤¤¥«¥_¤Ù°Ï¤å¤ß¸ô¥|¬q61~90¸¹,14.0,°Ó,,,1060118,¤g¦a1«Øª«1¨®¦ì1,¤Q¤T¼h,24,¿ì¤½°Ó·~¤j¼Ó,°Ó·~¥Î,¿ûµ¬²V¾®¤g³y,0810128,264.4,0,0,0,µL,¦³,µL,30000,113,©Y¹D¥­­±,0.0,0,,RPQPMLKLJHMFFBB37CC
¥_¤Ù°Ï,¤g¦a,«Ø¦w¬q841~870¦a¸¹,330.0,¹A,,,1060101,¤g¦a1«Øª«0¨®¦ì0,,,¨ä¥L,,,,0.0,0,0,0,¦³,µL,µL,30000,91,,0.0,0,¥b­Ó¤ëÃº¤@¦¸¯²ª÷,RPSSMLKLJHMFFBB87CC
¥_°Ï,«Øª«,»O¤¤¥«¥_°Ï¤Ó¥­¸ô1~30¸¹,0.0,¦í,,,1060103,¤g¦a0«Øª«0¨®¦ì0,¥þ,3,³z¤Ñ­í,¦í®a¥Î,¿ûµ¬²V¾®¤g¥[±j¿j³y,0570628,131.2,3,1,2,¦³,µL,µL,50000,381,,0.0,0,³z¤Ñ­í¤À¯²¡A106/2/5-106/3/4¸ËæC´Á¤£¦¬¨ú¯²ª÷,RPQUMLKLJHMFFBB87CC
¦è°Ï,©Ð¦a(¤g¦a+«Øª«)+¨®¦ì,»O¤¤¥«¦è°Ï¤­Åv¦è¸ô¤@¬q241~270¸¹,26.65,°Ó,,,1060104,¤g¦a1«Øª«1¨®¦ì1,¤Q¤G¼h,17,¿ì¤½°Ó·~¤j¼Ó,°Ó·~¥Î,¿ûµ¬²V¾®¤g³y,0800201,170.51,0,0,0,µL,¦³,µL,26500,155,©Y¹D¥­­±,0.0,0,,RPROMLKLJHMFFAB27CC
¦è°Ï,©Ð¦a(¤g¦a+«Øª«),»O¤¤¥«¦è°ÏµØ¬üµó541~570¸¹,194.0,¦í,,,1060116,¤g¦a1«Øª«1¨®¦ì0,¤@¼h,4,©±­±(©±¾Q),¨£¨ä¥Lµn°O¨Æ¶µ,¿ûµ¬²V¾®¤g³y,1050812,92.82,0,0,0,µL,µL,µL,20000,215,,0.0,0,,RPRSMLKLJHMFFAB67CC
«n°Ï,©Ð¦a(¤g¦a+«Øª«),»O¤¤¥««n°Ï´_¿³¥_¸ô301~330¸¹,15.82,¦í,,,1060119,¤g¦a2«Øª«1¨®¦ì0,¤@¼h,14,©±­±(©±¾Q),¨£¨ä¥Lµn°O¨Æ¶µ,¿ûµ¬²V¾®¤g³y,1040217,111.75999999999999,0,0,0,µL,¦³,µL,30000,268,,0.0,0,,RPTSMLKLJHMFFAB87CC
¦è°Ï,©Ð¦a(¤g¦a+«Øª«),»O¤¤¥«¦è°ÏµØ¬üµó541~570¸¹,48.5,¦í,,,1060116,¤g¦a1«Øª«1¨®¦ì0,¤@¼h,4,©±­±(©±¾Q),¨£¨ä¥Lµn°O¨Æ¶µ,¿ûµ¬²V¾®¤g³y,1050812,123.9,0,0,0,µL,µL,µL,20000,161,,0.0,0,,RPTTMLKLJHMFFAB97CC
ªF°Ï,«Øª«,»O¤¤¥«ªF°Ï«Ø¼wµó153«Ñ1~30¸¹,0.0,¦í,,,1060101,¤g¦a0«Øª«1¨®¦ì0,¤@¼h,5,¤½´J(5¼Ó§t¥H¤UµL¹q±è),¦í®a¥Î,¿ûµ¬²V¾®¤g³y,0711022,103.88,5,2,1,¦³,µL,µL,11000,106,,0.0,0,,RPRVMLKLJHMFFAB97CC
¥_°Ï,©Ð¦a(¤g¦a+«Øª«),»O¤¤¥«¥_°Ï»OÆW¤j¹D¤G¸ô331~360¸¹,26.05,°Ó,,,1051227,¤g¦a1«Øª«1¨®¦ì0,¤E¼h,12,¿ì¤½°Ó·~¤j¼Ó,°Ó·~¥Î,¿ûµ¬²V¾®¤g³y,0770116,62.6,0,0,0,µL,¦³,µL,27000,431,,0.0,0,,RPOSMLKLJHMFFBB57DC
«n°Ï,©Ð¦a(¤g¦a+«Øª«),»O¤¤¥««n°Ï¬ü§ø¸ô¤G¬q151~180¸¹,11.22,¦í,,,1060103,¤g¦a2«Øª«1¨®¦ì0,¤­¼h,14,¦í¦v¤j¼Ó(11¼h§t¥H¤W¦³¹q±è),¦í®a¥Î,¿ûµ¬²V¾®¤g³y,0800725,161.55,3,2,2,¦³,¦³,¦³,16000,99,,0.0,0,,RPPNMLLLJHMFFAB07CC
«n°Ï,©Ð¦a(¤g¦a+«Øª«),»O¤¤¥««n°Ï¤u¾Ç¥_¸ô61~90¸¹,1.83,°Ó,,,1051225,¤g¦a1«Øª«1¨®¦ì0,¤K¼h,18,®M©Ð(1©Ð1ÆU1½Ã),¨£¨ä¥Lµn°O¨Æ¶µ,¿ûµ¬²V¾®¤g³y,0850506,30.47,1,0,1,¦³,¦³,¦³,5500,181,,0.0,0,,RPPPMLLLJHMFFAB27CC
«n°Ï,©Ð¦a(¤g¦a+«Øª«),»O¤¤¥««n°Ï¤u¾Ç¥_¸ô61~90¸¹,1.72,°Ó,,,1051230,¤g¦a1«Øª«1¨®¦ì0,¤K¼h,18,®M©Ð(1©Ð1ÆU1½Ã),¨£¨ä¥Lµn°O¨Æ¶µ,¿ûµ¬²V¾®¤g³y,0850506,28.490000000000002,1,0,1,¦³,¦³,¦³,5500,193,,0.0,0,,RPQPMLLLJHMFFAB37CC
«n¤Ù°Ï,©Ð¦a(¤g¦a+«Øª«)+¨®¦ì,»O¤¤¥««n¤Ù°Ï¥Ã¬KªF¤C¸ô841~870¸¹,37.22,¦í,,,1060104,¤g¦a1«Øª«1¨®¦ì2,¤Q¤G¼h,12,¦í¦v¤j¼Ó(11¼h§t¥H¤W¦³¹q±è),¦í®a¥Î,¿ûµ¬²V¾®¤g³y,0980731,250.18,4,2,2,¦³,¦³,¦³,40000,160,©Y¹D¥­­±,48.9,0,,RPQNMLLLJHMFFCB37CC
«n¤Ù°Ï,©Ð¦a(¤g¦a+«Øª«)+¨®¦ì,»O¤¤¥««n¤Ù°Ïªe«n¸ô¥|¬q151~180¸¹,15.14,¦í,,,1060102,¤g¦a1«Øª«1¨®¦ì1,¤»¼h,14,¦í¦v¤j¼Ó(11¼h§t¥H¤W¦³¹q±è),¦í®a¥Î,¿ûµ¬²V¾®¤g³y,0861020,141.56,3,2,2,¦³,¦³,µL,16000,113,©Y¹D¾÷±ñ,11.77,0,,RPRNMLLLJHMFFCB47CC
¦è¤Ù°Ï,©Ð¦a(¤g¦a+«Øª«),»O¤¤¥«¦è¤Ù°Ïªe«n¸ô¤T¬q121~150¸¹,13.08,¨ä¥L,,,1051226,¤g¦a1«Øª«1¨®¦ì0,¤Q¤G¼h,15,®M©Ð(1©Ð1ÆU1½Ã),¦í®a¥Î,¿ûµ¬²V¾®¤g³y,0960313,110.48,1,1,1,¦³,¦³,¦³,24000,217,,0.0,0,¯²ª÷§tºÞ²z¶O¡C,RPOOMLNLJHMFFCB47CC
¦è¤Ù°Ï,©Ð¦a(¤g¦a+«Øª«),»O¤¤¥«¦è¤Ù°Ï©¾¸qµó121~150¸¹,74.51,¦í,,,1060117,¤g¦a1«Øª«1¨®¦ì0,¨£¨ä¥Lµn°O¨Æ¶µ,2,©±­±(©±¾Q),¦í°Ó¥Î,¿ûµ¬²V¾®¤g³y,0831220,407.6,0,0,0,µL,¦³,µL,40000,98,,0.0,0,¼Ðªºª«¤@¡B¤G¼h,RPQOMLNLJHMFFCB67CC
¦è¤Ù°Ï,©Ð¦a(¤g¦a+«Øª«),»O¤¤¥«¦è¤Ù°Ï¦è¤Ù¸ô¤G¬q241~270¸¹,3.48,°Ó,,,1051228,¤g¦a1«Øª«1¨®¦ì0,¤C¼h,11,®M©Ð(1©Ð1ÆU1½Ã),¦í®a¥Î,¿ûµ¬²V¾®¤g³y,0990201,71.82,1,1,1,¦³,¦³,¦³,18000,251,,0.0,0,¯²ª÷§tºÞ²z¶O¡C,RPTOMLNLJHMFFCB97CC
«n¤Ù°Ï,©Ð¦a(¤g¦a+«Øª«),»O¤¤¥««n¤Ù°Ï´f¤å«nµó261«Ñ1~30¸¹,16.94,¦í,,,1060115,¤g¦a1«Øª«1¨®¦ì0,¤G¼h,1,µØ·H(10¼h§t¥H¤U¦³¹q±è),¦í®a¥Î,¿ûµ¬²V¾®¤g³y,0840125,104.01,2,2,1,¦³,¦³,¦³,14500,139,,0.0,0,,RPUOMLNLJHMFFCB08CC
¦è¤Ù°Ï,«Øª«,»O¤¤¥«¦è¤Ù°Ï»OÆW¤j¹D¥|¬q901~930¸¹,0.0,¦í,,,1060101,¤g¦a0«Øª«1¨®¦ì0,¤K¼h,28,¿ì¤½°Ó·~¤j¼Ó,¨£¨ä¥Lµn°O¨Æ¶µ,¨£¨ä¥Lµn°O¨Æ¶µ,0810701,190.6,0,0,0,µL,¦³,µL,28800,151,,0.0,0,,RPVOMLNLJHMFFCB18CC
«n¤Ù°Ï,©Ð¦a(¤g¦a+«Øª«),»O¤¤¥««n¤Ù°Ï¤j¼[¤Q¤»µó1~30¸¹,19.26,¦í,,,1060105,¤g¦a1«Øª«1¨®¦ì0,¤Q¼h,14,¦í¦v¤j¼Ó(11¼h§t¥H¤W¦³¹q±è),¦í®a¥Î,¿ûµ¬²V¾®¤g³y,0881019,161.58,3,2,2,¦³,¦³,µL,23000,142,,0.0,0,,RPWOMLNLJHMFFCB28CC
¦è¤Ù°Ï,«Øª«,»O¤¤¥«¦è¤Ù°Ï»OÆW¤j¹D¥|¬q901~930¸¹,0.0,¦í,,,1051228,¤g¦a0«Øª«1¨®¦ì0,¤G¤Q¤@¼h,28,¿ì¤½°Ó·~¤j¼Ó,¨£¨ä¥Lµn°O¨Æ¶µ,¨£¨ä¥Lµn°O¨Æ¶µ,0810701,910.64,3,0,0,¦³,¦³,µL,36860,40,,0.0,0,,RPXOMLNLJHMFFCB38CC
¦è¤Ù°Ï,©Ð¦a(¤g¦a+«Øª«)+¨®¦ì,»O¤¤¥«¦è¤Ù°Ï¤j¶©¸ô31~60¸¹,15.6,¦í,,,1051227,¤g¦a1«Øª«1¨®¦ì1,¤»¼h,12,¦í¦v¤j¼Ó(11¼h§t¥H¤W¦³¹q±è),¦í®a¥Î,¿ûµ¬²V¾®¤g³y,0800419,160.74,4,2,2,¦³,¦³,¦³,30000,187,©Y¹D¥­­±,0.0,0,¯²ª÷§tºÞ²z¶O¡C,RPPPMLNLJHMFFCB67CC
¦è¤Ù°Ï,©Ð¦a(¤g¦a+«Øª«)+¨®¦ì,»O¤¤¥«¦è¤Ù°Ï¥«¬F¥_¤@¸ô331~360¸¹,17.64,°Ó,,,1051227,¤g¦a1«Øª«1¨®¦ì2,¤C¼h,35,¦í¦v¤j¼Ó(11¼h§t¥H¤W¦³¹q±è),¦í®a¥Î,¿û°©¿ûµ¬²V¾®¤g³y,0981225,314.65999999999997,4,2,3,¦³,¦³,¦³,56000,178,©Y¹D¥­­±,29.84,0,,RPSPMLNLJHMFFCB97CC
¥_¤Ù°Ï,©Ð¦a(¤g¦a+«Øª«)+¨®¦ì,»O¤¤¥«¥_¤Ù°Ï±R¼w¸ô¤@¬q601~630¸¹,15.8,°Ó,,,1060104,¤g¦a1«Øª«1¨®¦ì1,¤»¼h,22,¿ì¤½°Ó·~¤j¼Ó,°Ó·~¥Î,¿ûµ¬²V¾®¤g³y,0800627,443.05,0,0,0,µL,¦³,µL,42000,95,©Y¹D¥­­±,0.0,0,,RPVOMLNLJHMFFBB08CC
¥_¤Ù°Ï,©Ð¦a(¤g¦a+«Øª«),»O¤¤¥«¥_¤Ù°Ï¤å¤ß¸ô¥|¬q931~960¸¹,156.43,¦í,,,1060118,¤g¦a1«Øª«0¨®¦ì0,¤@¼h,26,©±­±(©±¾Q),°Ó·~¥Î,¿û°©²V¾®¤g³y,0820112,967.0,0,0,0,µL,µL,µL,200000,207,,0.0,0,¥»´É¥X¯²¤@¼Ó©±­±³¡¤À106/2/1~106/4/30¬°¸ËæC´Á§K¥I¯²ª÷¡A106/5/1~106/6/15¬°¸ËæC´Á¯²ª÷·s¥x¹ô10¸U¤¸¡A106/6/16~109/6/15¯²ª÷¬°20¸U¤¸¡A¨C¤T¦~½Õ´T10%¡A¥H¤W¯²ª÷§¡§tÀç·~µ|,RPSPMLNLJHMFFBB87CC
¥_¤Ù°Ï,©Ð¦a(¤g¦a+«Øª«),»O¤¤¥«¥_¤Ù°Ï¹´§µµó181~210¸¹,22.33,¦í,,,1060113,¤g¦a1«Øª«1¨®¦ì0,¤­¼h,7,µØ·H(10¼h§t¥H¤U¦³¹q±è),¦í®a¥Î,¿ûµ¬²V¾®¤g³y,0821224,122.36,3,2,2,¦³,¦³,¦³,18000,147,,0.0,0,,RPXPMLNLJHMFFBB38CC
¥_°Ï,©Ð¦a(¤g¦a+«Øª«),»O¤¤¥«¥_°Ï¶i¤Æ¥_¸ô301~330¸¹,5.69,°Ó,,,1060113,¤g¦a1«Øª«1¨®¦ì0,¤Q¤C¼h,18,¦í¦v¤j¼Ó(11¼h§t¥H¤W¦³¹q±è),¦í®a¥Î,¿ûµ¬²V¾®¤g³y,0941208,66.36,0,0,0,µL,¦³,¦³,15000,226,,0.0,0,,RPRQMLNLJHMFFBB87CC
¥_°Ï,©Ð¦a(¤g¦a+«Øª«),»O¤¤¥«¥_°Ï¶i¤Æ¥_¸ô301~330¸¹,5.69,°Ó,,,1060115,¤g¦a1«Øª«1¨®¦ì0,¤T¼h,18,¦í¦v¤j¼Ó(11¼h§t¥H¤W¦³¹q±è),¦í®a¥Î,¿ûµ¬²V¾®¤g³y,0941208,66.36,0,0,0,µL,¦³,¦³,14000,211,,0.0,0,,RPSQMLNLJHMFFBB97CC
¥_°Ï,©Ð¦a(¤g¦a+«Øª«),»O¤¤¥«¥_°Ï¶i¤Æ¥_¸ô301~330¸¹,5.75,°Ó,,,1060109,¤g¦a2«Øª«1¨®¦ì0,¤»¼h,18,¦í¦v¤j¼Ó(11¼h§t¥H¤W¦³¹q±è),¦í®a¥Î,¿ûµ¬²V¾®¤g³y,0941208,95.96000000000001,0,0,0,µL,¦³,¦³,14000,146,,0.0,0,,RPTQMLNLJHMFFBB08CC
¥_°Ï,¨®¦ì,»O¤¤¥«¥_°Ï¶i¤Æ¥_¸ô301~330¸¹,0.5,°Ó,,,1060101,¤g¦a0«Øª«0¨®¦ì1,,,¨ä¥L,,,,31.88,0,0,0,¦³,¦³,µL,3200,,©Y¹D¥­­±,31.88,3200,,RPUQMLNLJHMFFBB18CC
¥_°Ï,¨®¦ì,»O¤¤¥«¥_°Ï¶i¤Æ¥_¸ô301~330¸¹,0.5,°Ó,,,1060112,¤g¦a0«Øª«0¨®¦ì1,,,¨ä¥L,,,,31.88,0,0,0,¦³,¦³,µL,3200,,©Y¹D¥­­±,31.88,3200,,RPVQMLNLJHMFFBB28CC
¥_°Ï,¨®¦ì,»O¤¤¥«¥_°Ï¶i¤Æ¥_¸ô301~330¸¹,0.25,°Ó,,,1060110,¤g¦a0«Øª«0¨®¦ì1,,,¨ä¥L,,,,15.94,0,0,0,¦³,¦³,µL,2200,,©Y¹D¾÷±ñ,15.94,2200,,RPWQMLNLJHMFFBB38CC
¥_¤Ù°Ï,©Ð¦a(¤g¦a+«Øª«),»O¤¤¥«¥_¤Ù°Ï¤å¤ß¸ô¥|¬q271~300¸¹,9.15,°Ó,,,1060101,¤g¦a1«Øª«1¨®¦ì0,¤Q¤T¼h,22,¦í¦v¤j¼Ó(11¼h§t¥H¤W¦³¹q±è),¦í®a¥Î,¿ûµ¬²V¾®¤g³y,1020725,92.3,2,1,2,¦³,µL,¦³,23000,249,,0.0,0,,RPXQMLNLJHMFFBB48CC
¥_¤Ù°Ï,¨®¦ì,»O¤¤¥«¥_¤Ù°Ï¤å¤ß¸ô¥|¬q271~300¸¹,0.0,,,,1060101,¤g¦a0«Øª«0¨®¦ì1,,,¨ä¥L,,,,13.61,0,0,0,¦³,¦³,µL,2000,,©Y¹D¾÷±ñ,13.61,2000,,RPORMLNLJHMFFBB67CC
¥_¤Ù°Ï,©Ð¦a(¤g¦a+«Øª«),»O¤¤¥«¥_¤Ù°Ï¤å¤ß¸ô¥|¬q271~300¸¹,9.48,°Ó,,,1060112,¤g¦a1«Øª«1¨®¦ì0,¤Q¤­¼h,22,¦í¦v¤j¼Ó(11¼h§t¥H¤W¦³¹q±è),¦í®a¥Î,¿ûµ¬²V¾®¤g³y,1020725,97.89000000000001,2,1,2,¦³,¦³,¦³,25000,255,,0.0,0,§tºÞ²z¶O,RPQRMLNLJHMFFBB87CC
¦è°Ï,©Ð¦a(¤g¦a+«Øª«),»O¤¤¥«¦è°Ï¤T¥Á¸ô¤@¬q50«Ñ1~30¸¹,2.04,¦í,,,1051224,¤g¦a2«Øª«1¨®¦ì0,¤Q¼h,19,®M©Ð(1©Ð1ÆU1½Ã),¦í®a¥Î,¿ûµ¬²V¾®¤g³y,0840113,26.449999999999996,1,0,1,¦³,¦³,¦³,3500,132,,0.0,0,,RPXNMLNLJHMFFAB08CC
¦è°Ï,©Ð¦a(¤g¦a+«Øª«),»O¤¤¥«¦è°Ï¤T¥Á¸ô¤@¬q50«Ñ1~30¸¹,2.76,¦í,,,1060101,¤g¦a2«Øª«1¨®¦ì0,¤Q¤K¼h,19,®M©Ð(1©Ð1ÆU1½Ã),¦í®a¥Î,¿ûµ¬²V¾®¤g³y,0840113,36.099999999999994,1,0,1,¦³,¦³,¦³,4200,116,,0.0,0,,RPOOMLNLJHMFFAB27CC
¤¤°Ï,©Ð¦a(¤g¦a+«Øª«),»O¤¤¥«¤¤°Ï¦¨¥\¸ô241¤§1~30¸¹,6.3,°Ó,,,1051227,¤g¦a2«Øª«1¨®¦ì0,¥|¼h,4,¤½´J(5¼Ó§t¥H¤UµL¹q±è),¦í®a¥Î,¨£¨ä¥Lµn°O¨Æ¶µ,0581013,58.93,2,1,1,¦³,¦³,¦³,5000,85,,0.0,0,,RPPQMLNLJHMFFAB57CC
«n°Ï,©Ð¦a(¤g¦a+«Øª«),»O¤¤¥««n°ÏªF¿³¸ô¤@¬q1~30¸¹,1.92,¦í,,,1051227,¤g¦a1«Øª«0¨®¦ì0,¤G¤Q¤G¼h,32,¦í¦v¤j¼Ó(11¼h§t¥H¤W¦³¹q±è),¨£¨ä¥Lµn°O¨Æ¶µ,¿ûµ¬²V¾®¤g³y,0951026,41.99,1,0,1,¦³,¦³,¦³,7000,167,,0.0,0,¦¹«Øª«¦³¹j¦¨2¶¡®M©Ð¡A¬G­±¿n°£¥H2¡C,RPVQMLNLJHMFFAB18CC
«n°Ï,©Ð¦a(¤g¦a+«Øª«),»O¤¤¥««n°ÏªF¿³¸ô¤@¬q1~30¸¹,1.93,¦í,,,1051227,¤g¦a1«Øª«0¨®¦ì0,¤»¼h,32,®M©Ð(1©Ð1ÆU1½Ã),¨£¨ä¥Lµn°O¨Æ¶µ,¿ûµ¬²V¾®¤g³y,0951026,42.07,1,0,1,¦³,¦³,¦³,6500,155,,0.0,0,¦¹«Øª«¦³¹j¦¨¤T¶¡®M©Ð¡A©Ò¥H­±¿n°£¥H3¡C,RPXQMLNLJHMFFAB38CC
«n°Ï,©Ð¦a(¤g¦a+«Øª«),»O¤¤¥««n°ÏªF¿³¸ô¤@¬q1~30¸¹,1.96,¦í,,,1051228,¤g¦a1«Øª«0¨®¦ì0,¤G¤Q¤@¼h,32,®M©Ð(1©Ð1ÆU1½Ã),¨£¨ä¥Lµn°O¨Æ¶µ,¿ûµ¬²V¾®¤g³y,0951026,42.089999999999996,1,0,1,¦³,¦³,¦³,7000,166,,0.0,0,¦¹«Øª«¦³¹j¦¨¤T¶¡®M©Ð¡A©Ò¥H­±¿n°£¥H3¡C¯²ª÷§tºÞ²z¶O¡C,RPWRMLNLJHMFFAB38CC
«n°Ï,©Ð¦a(¤g¦a+«Øª«),»O¤¤¥««n°Ï¤¯¸qµó211~240¸¹,23.21,¦í,,,1051228,¤g¦a1«Øª«1¨®¦ì0,¤@¼h,14,©±­±(©±¾Q),¨£¨ä¥Lµn°O¨Æ¶µ,¿ûµ¬²V¾®¤g³y,0970730,99.08999999999999,1,1,1,¦³,¦³,¦³,25000,252,,0.0,0,,RPQSMLNLJHMFFAB87CC
¦è°Ï,¤g¦a,«á‚W¤l¬q121~150¦a¸¹,50.0,¦í,,,1060119,¤g¦a1«Øª«0¨®¦ì0,,,¨ä¥L,,,,0.0,0,0,0,¦³,µL,µL,25000,500,,0.0,0,¤g¦a§t¦³¥¼«O¦sµn°O¤§«Øª«,RPRSMLNLJHMFFAB97CC
¦è°Ï,¤g¦a,«á‚W¤l¬q121~150¦a¸¹,67.0,¦í,,,1060120,¤g¦a1«Øª«0¨®¦ì0,,,¨ä¥L,,,,0.0,0,0,0,¦³,µL,µL,15000,224,,0.0,0,¤g¦a§t¦³¥¼«O¦sµn°O¤§«Øª«,RPUSMLNLJHMFFAB28CC
¤Ó¥­°Ï,©Ð¦a(¤g¦a+«Øª«),»O¤¤¥«¤Ó¥­°Ï¤¤¤s¸ô¤G¬q100«Ñ51§Ë1~30¸¹,83.94,,¶m§ø°Ï,¤AºØ«Ø¿v¥Î¦a,1060105,¤g¦a1«Øª«1¨®¦ì0,¥þ,2,³z¤Ñ­í,¨£¨ä¥Lµn°O¨Æ¶µ,¥[±j¿j³y,0690920,128.35,3,2,2,¦³,µL,µL,10000,78,,0.0,0,,RPTNMLNLJHMFFHL76CC
¼æ¤l°Ï,©Ð¦a(¤g¦a+«Øª«),»O¤¤¥«¼æ¤l°ÏÀY±i¸ô¤G¬q89«Ñ31~60¸¹,119.07,¦í,,,1051226,¤g¦a1«Øª«1¨®¦ì0,¥þ,4,³z¤Ñ­í,¦í°Ó¥Î,¥[±j¿j³y,0690315,153.96,0,0,0,µL,µL,µL,22000,143,,0.0,0,,RPQNMLNLJHMFFFL98DC
¤Ó¥­°Ï,©Ð¦a(¤g¦a+«Øª«),»O¤¤¥«¤Ó¥­°Ï·s¿³¤Gµó121~150¸¹,21.45,¦í,,,1051225,¤g¦a1«Øª«1¨®¦ì0,¤Q¼h,14,¦í¦v¤j¼Ó(11¼h§t¥H¤W¦³¹q±è),¨£¨ä¥Lµn°O¨Æ¶µ,¿ûµ¬²V¾®¤g³y,1030106,87.95,2,2,2,¦³,µL,µL,19000,216,,0.0,0,,RPSNMLOLJHMFFHL76CC
¦è°Ï,©Ð¦a(¤g¦a+«Øª«),»O¤¤¥«¦è°Ïºë¸Û¸ô91~120¸¹,26.75,°Ó,,,1060120,¤g¦a1«Øª«1¨®¦ì0,¤@¼h,8,©±­±(©±¾Q),¦í°Ó¥Î,¿ûµ¬²V¾®¤g³y,0860625,198.14,0,1,3,¦³,¦³,µL,53000,267,,0.0,0,,RPVNMLOLJHMFFAB97CC
¥_°Ï,«Øª«,»O¤¤¥«¥_°Ï¤@¤¤µó1~30¸¹,0.0,¦í,,,1060106,¤g¦a0«Øª«0¨®¦ì0,¤@¼h,5,©±­±(©±¾Q),¦í®a¥Î,¿ûµ¬²V¾®¤g³y,0680809,100.0,1,1,1,¦³,µL,µL,80000,800,,0.0,0,©Ó¯²³¡¤À­±¿n,RPORMLOLJHMFFBB77CC
«n¤Ù°Ï,©Ð¦a(¤g¦a+«Øª«)+¨®¦ì,»O¤¤¥««n¤Ù°ÏªF¿³¸ô¤T¬q211~240¸¹,29.2,¦í,,,1060112,¤g¦a1«Øª«1¨®¦ì1,¤Q¤T¼h,14,¦í¦v¤j¼Ó(11¼h§t¥H¤W¦³¹q±è),¦í®a¥Î,¿ûµ¬²V¾®¤g³y,0960920,288.42,3,2,4,¦³,¦³,µL,38000,132,©Y¹D¥­­±,25.82,0,,RPUOMLOLJHMFFCB18CC
¦è¤Ù°Ï,«Øª«,»O¤¤¥«¦è¤Ù°Ï°ê¦w¤@¸ô121~150¸¹,0.0,¦í,,,1060104,¤g¦a0«Øª«1¨®¦ì0,¤G¤Q¤@¼h,24,¦í¦v¤j¼Ó(11¼h§t¥H¤W¦³¹q±è),¦í®a¥Î,¿ûµ¬²V¾®¤g³y,0991119,64.83,2,2,1,¦³,¦³,¦³,18000,278,,0.0,0,,RPXOMLOLJHMFFCB48CC
«n¤Ù°Ï,©Ð¦a(¤g¦a+«Øª«),»O¤¤¥««n¤Ù°Ï¤u·~18¸ô1~30¸¹,1980.0,¤u,,,1060123,¤g¦a2«Øª«1¨®¦ì0,¨£¨ä¥Lµn°O¨Æ¶µ,1,¨ä¥L,¤u·~¥Î,¥[±j¿j³y,0711022,904.19,0,0,0,µL,µL,µL,270000,299,,0.0,0,,RPQPMLOLJHMFFCB87CC
¦è¤Ù°Ï,©Ð¦a(¤g¦a+«Øª«)+¨®¦ì,»O¤¤¥«¦è¤Ù°Ïªe«n¸ô¤T¬q121~150¸¹,10.5,¨ä¥L,,,1051229,¤g¦a1«Øª«1¨®¦ì1,¤Q¼h,15,®M©Ð(1©Ð1ÆU1½Ã),¦í®a¥Î,¿ûµ¬²V¾®¤g³y,0960313,84.71000000000001,1,1,1,¦³,¦³,¦³,25000,295,©Y¹D¾÷±ñ,0.0,0,¯²ª÷§tºÞ²z¶O,RPPQMLPLJHMFFCB97CC
¦è¤Ù°Ï,©Ð¦a(¤g¦a+«Øª«),»O¤¤¥«¦è¤Ù°Ï¤å¤ß¸ô¤T¬q1~30¸¹,9.73,°Ó,,,1060106,¤g¦a1«Øª«1¨®¦ì0,¤Q¤K¼h,18,¦í¦v¤j¼Ó(11¼h§t¥H¤W¦³¹q±è),¦í®a¥Î,¿ûµ¬²V¾®¤g³y,0980813,126.84,2,1,1,¦³,µL,¦³,22000,173,,0.0,0,§tºÞ²z¶O,RPPRMLPLJHMFFCB08CC
¦è¤Ù°Ï,¨®¦ì,»O¤¤¥«¦è¤Ù°Ï»O¤¤¥«¦è¤Ù°Ï¤å¤ß¸ô¤T¬q1~30¸¹,0.0,,,,1060106,¤g¦a0«Øª«0¨®¦ì1,,,¨ä¥L,,,,37.8,0,0,0,¦³,¦³,µL,3000,,©Y¹D¥­­±,37.8,3000,,RPQRMLPLJHMFFCB18CC
¦è¤Ù°Ï,©Ð¦a(¤g¦a+«Øª«),»O¤¤¥«¦è¤Ù°Ï¤å¤ß¸ô¤T¬q1~30¸¹,5.63,°Ó,,,1060111,¤g¦a1«Øª«1¨®¦ì0,¤Q¤K¼h,26,¦í¦v¤j¼Ó(11¼h§t¥H¤W¦³¹q±è),¦í®a¥Î,¿ûµ¬²V¾®¤g³y,0980813,58.53999999999999,0,0,0,µL,¦³,¦³,15000,256,,0.0,0,,RPRRMLPLJHMFFCB28CC
Â×­ì°Ï,©Ð¦a(¤g¦a+«Øª«),»O¤¤¥«Â×­ì°Ï¥Ã±d¸ô105«Ñ1~30¸¹,29.41,¦í,,,1060121,¤g¦a1«Øª«1¨®¦ì0,¤T¼h,5,¤½´J(5¼Ó§t¥H¤UµL¹q±è),¦í®a¥Î,¿ûµ¬²V¾®¤g³y,0780210,81.76,3,1,2,¦³,¦³,¦³,10000,122,,0.0,0,,RPTNMLPLJHMFFAL88CC
¥_°Ï,«Øª«,»O¤¤¥«¥_°Ï°·¦æ¸ô421~450¸¹,0.0,¦í,,,1051231,¤g¦a0«Øª«1¨®¦ì0,¤Q¤G¼h,16,¦í¦v¤j¼Ó(11¼h§t¥H¤W¦³¹q±è),¦í®a¥Î,¿ûµ¬²V¾®¤g³y,0840526,33.83,1,0,1,¦³,¦³,¦³,7500,222,,0.0,0,,RPUPMLPLJHMFFBB28CC
¥_¤Ù°Ï,©Ð¦a(¤g¦a+«Øª«)+¨®¦ì,»O¤¤¥«¥_¤Ù°Ï¤j³s¸ô¤T¬q1~30¸¹,19.32,¦í,,,1060112,¤g¦a1«Øª«1¨®¦ì1,¤Q¼h,12,¿ì¤½°Ó·~¤j¼Ó,°Ó·~¥Î,¿ûµ¬²V¾®¤g³y,0790804,156.61,4,2,1,¦³,¦³,¦³,20000,128,©Y¹D¾÷±ñ,0.0,0,,RPSQMLPLJHMFFBB18CC
¥_°Ï,©Ð¦a(¤g¦a+«Øª«),»O¤¤¥«¥_°Ï¶i¤Æ¥_¸ô301~330¸¹,5.36,°Ó,,,1060121,¤g¦a2«Øª«1¨®¦ì0,¥|¼h,18,¦í¦v¤j¼Ó(11¼h§t¥H¤W¦³¹q±è),¦í®a¥Î,¿ûµ¬²V¾®¤g³y,0941208,68.06,0,0,0,µL,¦³,¦³,13000,191,,0.0,0,,RPWQMLPLJHMFFBB58CC
¥_°Ï,¨®¦ì,»O¤¤¥«¥_°Ï¶i¤Æ¥_¸ô301~330¸¹,0.38,°Ó,,,1060120,¤g¦a0«Øª«0¨®¦ì1,,,¨ä¥L,,,,27.89,0,0,0,¦³,¦³,µL,3000,,©Y¹D¥­­±,27.89,3000,,RPORMLPLJHMFFBB87CC
¥_°Ï,©Ð¦a(¤g¦a+«Øª«),»O¤¤¥«¥_°Ï¶i¤Æ¥_¸ô301~330¸¹,5.36,°Ó,,,1060121,¤g¦a2«Øª«1¨®¦ì0,¤Q¤G¼h,18,¦í¦v¤j¼Ó(11¼h§t¥H¤W¦³¹q±è),¦í®a¥Î,¿ûµ¬²V¾®¤g³y,0941208,68.06,0,0,0,µL,¦³,¦³,14000,206,,0.0,0,,RPPRMLPLJHMFFBB97CC
¥_°Ï,©Ð¦a(¤g¦a+«Øª«),»O¤¤¥«¥_°Ï¶i¤Æ¥_¸ô301~330¸¹,5.36,°Ó,,,1060116,¤g¦a2«Øª«1¨®¦ì0,¤C¼h,18,¦í¦v¤j¼Ó(11¼h§t¥H¤W¦³¹q±è),¦í®a¥Î,¿ûµ¬²V¾®¤g³y,0941208,68.08,0,0,0,µL,¦³,¦³,15000,220,,0.0,0,,RPRRMLPLJHMFFBB18CC
¥_¤Ù°Ï,©Ð¦a(¤g¦a+«Øª«),»O¤¤¥«¥_¤Ù°Ï¤å¤ß¸ô¥|¬q271~300¸¹,5.83,°Ó,,,1060118,¤g¦a1«Øª«1¨®¦ì0,¤G¤Q¼h,22,¦í¦v¤j¼Ó(11¼h§t¥H¤W¦³¹q±è),¦í®a¥Î,¿ûµ¬²V¾®¤g³y,1020725,63.43000000000001,0,0,0,µL,¦³,¦³,17000,268,,0.0,0,,RPSRMLPLJHMFFBB28CC
¥_¤Ù°Ï,¨®¦ì,»O¤¤¥«¥_¤Ù°Ï¤å¤ß¸ô¥|¬q271~300¸¹,0.0,,,,1060118,¤g¦a0«Øª«0¨®¦ì1,,,¨ä¥L,,,,13.61,0,0,0,¦³,¦³,µL,2500,,©Y¹D¥­­±,13.61,2500,,RPTRMLPLJHMFFBB38CC
¥_¤Ù°Ï,©Ð¦a(¤g¦a+«Øª«),»O¤¤¥«¥_¤Ù°Ï¤å¤ß¸ô¥|¬q271~300¸¹,11.79,°Ó,,,1060123,¤g¦a1«Øª«1¨®¦ì0,¤Q¤­¼h,22,¦í¦v¤j¼Ó(11¼h§t¥H¤W¦³¹q±è),¦í®a¥Î,¿ûµ¬²V¾®¤g³y,1020725,140.72,2,1,2,¦³,¦³,¦³,26000,185,,0.0,0,,RPURMLPLJHMFFBB48CC
¥_¤Ù°Ï,¨®¦ì,»O¤¤¥«¥_¤Ù°Ï¤å¤ß¸ô¥|¬q271~300¸¹,0.0,,,,1060123,¤g¦a0«Øª«0¨®¦ì1,,,¨ä¥L,,,,20.15,0,0,0,¦³,¦³,µL,2000,,©Y¹D¾÷±ñ,20.15,2000,,RPVRMLPLJHMFFBB58CC
¦è°Ï,«Øª«,»O¤¤¥«¦è°Ïºë¸Û¸ô1~30¸¹,0.0,¦í,,,1060118,¤g¦a0«Øª«1¨®¦ì1,¥|¼h,7,¿ì¤½°Ó·~¤j¼Ó,°Ó·~¥Î,¿ûµ¬²V¾®¤g³y,0800926,264.52,2,1,1,¦³,¦³,¦³,38000,144,¤É­°¥­­±,53.32,0,,RPPOMLPLJHMFFAB57CC
«n°Ï,©Ð¦a(¤g¦a+«Øª«),»O¤¤¥««n°ÏªF¿³¸ô¤@¬q1~30¸¹,1.94,¦í,,,1051230,¤g¦a1«Øª«0¨®¦ì0,¤Q¤­¼h,32,®M©Ð(1©Ð1ÆU1½Ã),¨£¨ä¥Lµn°O¨Æ¶µ,¿ûµ¬²V¾®¤g³y,0951026,42.07,1,0,1,¦³,¦³,¦³,6500,155,,0.0,0,¦¹«Øª«¹j¦¨¤T¶¡®M©Ð¡A©Ò¥H¯²¸î­±¿n·|°£3¡C,RPWPMLPLJHMFFAB38CC
«n°Ï,©Ð¦a(¤g¦a+«Øª«)+¨®¦ì,»O¤¤¥««n°ÏªF¿³¸ô¤@¬q1~30¸¹,6.1,¦í,,,1051231,¤g¦a1«Øª«1¨®¦ì1,¤G¤Q¤G¼h,32,¦í¦v¤j¼Ó(11¼h§t¥H¤W¦³¹q±è),¨£¨ä¥Lµn°O¨Æ¶µ,¿ûµ¬²V¾®¤g³y,0950622,138.81,3,2,2,¦³,¦³,¦³,21000,151,¤É­°¾÷±ñ,6.52,0,¯²ª÷§tºÞ²z¶O¡C,RPPQMLPLJHMFFAB77CC
«n¤Ù°Ï,©Ð¦a(¤g¦a+«Øª«)+¨®¦ì,»O¤¤¥««n¤Ù°Ï¤å¤ß«n¤»¸ô151~180¸¹,16.83,°Ó,,,1060101,¤g¦a1«Øª«1¨®¦ì1,¤@¼h,12,¦í¦v¤j¼Ó(11¼h§t¥H¤W¦³¹q±è),¨£¨ä¥Lµn°O¨Æ¶µ,¿ûµ¬²V¾®¤g³y,0950623,88.6,0,0,0,µL,¦³,µL,30000,339,©Y¹D¥­­±,26.48,0,,RPWNMLPLJHMFFCB48DC
«n¤Ù°Ï,©Ð¦a(¤g¦a+«Øª«),»O¤¤¥««n¤Ù°ÏÀ­ªF¸ô361~390¸¹,134.0,¦í,,,1060101,¤g¦a2«Øª«1¨®¦ì0,¤@¼h,5,¤½´J(5¼Ó§t¥H¤UµL¹q±è),¨£¨ä¥Lµn°O¨Æ¶µ,¿ûµ¬²V¾®¤g³y,0960122,73.53,0,0,0,µL,µL,µL,35000,476,,0.0,0,,RPXNMLPLJHMFFCB58DC
¥_°Ï,©Ð¦a(¤g¦a+«Øª«),»O¤¤¥«¥_°ÏÀA·sµó1~30¸¹,13.77,¦í,,,1060118,¤g¦a2«Øª«1¨®¦ì0,¤Q¼h,12,¿ì¤½°Ó·~¤j¼Ó,¨£¨ä¥¦µn°O¨Æ¶µ,¿ûµ¬²V¾®¤g³y,0980120,340.55,0,0,0,µL,¦³,µL,51000,150,,0.0,0,,RPVOMLQLJHMFFBB38CC
¥_°Ï,©Ð¦a(¤g¦a+«Øª«),»O¤¤¥«¥_°ÏÀA·sµó1~30¸¹,185.0,¦í,,,1060101,¤g¦a1«Øª«1¨®¦ì0,¤»¼h,7,¿ì¤½°Ó·~¤j¼Ó,¨£¨ä¥¦µn°O¨Æ¶µ,¿ûµ¬²V¾®¤g³y,0980120,152.41,0,0,0,µL,¦³,µL,26250,172,,0.0,0,,RPWOMLQLJHMFFBB48CC
¥_°Ï,©Ð¦a(¤g¦a+«Øª«),»O¤¤¥«¥_°Ï¤@¤¤µó241~270¸¹,54.0,¦í,,,1060122,¤g¦a1«Øª«1¨®¦ì0,¥þ,5,³z¤Ñ­í,¨£¨ä¥¦µn°O¨Æ¶µ,¿ûµ¬²V¾®¤g³y,0971127,39.06,1,1,1,¦³,¦³,µL,21000,538,,0.0,0,,RPOPMLQLJHMFFBB77CC
¥_¤Ù°Ï,©Ð¦a(¤g¦a+«Øª«),»O¤¤¥«¥_¤Ù°Ï®È¶¶¸ô¤@¬q181~210¸¹,19.24,¦í,,,1060119,¤g¦a1«Øª«1¨®¦ì0,¤G¼h,5,¤½´J(5¼Ó§t¥H¤UµL¹q±è),¦í®a¥Î,¿ûµ¬²V¾®¤g³y,0760909,75.15,2,1,1,¦³,µL,¦³,11000,146,,0.0,0,,RPUPMLQLJHMFFBB38CC
