鄉鎮市區,交易標的,土地區段位置或建物區門牌,土地移轉總面積平方公尺,都市土地使用分區,非都市土地使用分區,非都市土地使用編定,交易年月日,交易筆棟數,移轉層次,總樓層數,建物型態,主要用途,主要建材,建築完成年月,建物移轉總面積平方公尺,建物現況格局-房,建物現況格局-廳,建物現況格局-衛,建物現況格局-隔間,有無管理組織,總價元,單價每平方公尺,車位類別,車位移轉總面積平方公尺,車位總價元,備註,編號
仁愛區,房地(土地+建物),基隆市仁愛區獅球路53巷1~30號,30.75,住,,,1051113,土地1建物1車位0,三層,四層,公寓(5樓含以下無電梯),住家用,鋼筋混凝土造,0840914,74.68,0,0,0,無,無,2500000,33476,,0.0,0,,RPQNMLSKKHMFFBC08EA
仁愛區,房地(土地+建物),基隆市仁愛區獅球路53巷1~30號,30.75,住,,,1051113,土地1建物1車位0,四層,四層,公寓(5樓含以下無電梯),住家用,鋼筋混凝土造,0840914,74.68,0,0,0,無,無,2100000,28120,,0.0,0,,SPQNMLSKKHMFFBC18EA
安樂區,土地,大武崙段內寮小段751~780地號,188.0,住,,,1051114,土地1建物0車位0,,,其他,,,,0.0,0,0,0,有,無,8814850,46888,,0.0,0,,RPQNMLPJJHMFFCC67EA
暖暖區,房地(土地+建物),基隆市暖暖區東碇路511~540號,20.79,住,,,1051206,土地1建物1車位0,八層,九層,華廈(10層含以下有電梯),住家用,鋼筋混凝土造,0861117,103.78,2,1,1,有,有,4300000,41434,,0.0,0,,RPPNMLTJJHMFFCC97EA
中正區,房地(土地+建物),基隆市中正區新豐街91~120號,27.97,住,,,1051221,土地1建物1車位0,四層,七層,華廈(10層含以下有電梯),住家用,鋼筋混凝土造,0820921,148.43,6,0,6,有,無,5000000,33686,,0.0,0,,RPSNMLPJJHMFFBC57CA
中正區,房地(土地+建物),基隆市中正區義二路179巷1~30號,21.0,商,,,1051207,土地1建物1車位0,全,二層,透天厝,住家用,加強磚造,0600621,37.8,2,1,1,有,無,3600000,95238,,0.0,0,頂樓增建,RPTNMLPJJHMFFBC67CA
中正區,房地(土地+建物),基隆市中正區新豐街91~120號,27.97,住,,,1051221,土地1建物1車位0,七層,七層,華廈(10層含以下有電梯),住家用,鋼筋混凝土造,0820921,146.96,5,0,5,有,無,5000000,34023,,0.0,0,,RPVNMLPJJHMFFBC87CA
中正區,房地(土地+建物),基隆市中正區正義路2巷31~60號,29.78,住,,,1051216,土地5建物1車位0,四層,四層,公寓(5樓含以下無電梯),住家用,鋼筋混凝土造,0740126,123.03,3,2,1,有,無,2200000,17882,,0.0,0,含增建或未登記建物。,RPPNMLQJJHMFFBC37CA
中正區,房地(土地+建物),基隆市中正區中正路271~300號,12.83,商,,,1050808,土地5建物1車位0,六層,六層,公寓(5樓含以下無電梯),住家用,鋼筋混凝土造,0691125,52.6,0,0,1,無,無,1080000,20532,,0.0,0,含增建或未登記建物。,RPSNMLQJJHMFFBC67CA
中正區,房地(土地+建物),基隆市中正區中正路121~150號,13.24,商,,,1051214,土地1建物1車位0,八層,十二層,住宅大樓(11層含以上有電梯),住家用,鋼筋混凝土造,0741219,119.19,3,2,2,有,有,3500000,29365,,0.0,0,,RPTNMLRKJHMFFBC97CA
中正區,房地(土地+建物),基隆市中正區中正路91~120號,4.45,商,,,1051215,土地2建物1車位0,三層,十二層,住宅大樓(11層含以上有電梯),住商用,鋼筋混凝土造,0670626,46.63,1,1,1,有,有,1410000,30238,,0.0,0,,RPPNMLSKJHMFFBC67CA
仁愛區,建物,基隆市仁愛區南新街51巷31~60號,0.0,,,,1051216,土地0建物1車位0,一層，停車場,四層,公寓(5樓含以下無電梯),住家用,鋼筋混凝土造,0700611,79.34,3,2,2,有,無,2152600,27131,,0.0,0,,RPPOMLKLJHMFFBC07CA
安樂區,房地(土地+建物),基隆市安樂區中和路85巷31~60號,19.57,其他,,,1051202,土地6建物1車位0,十九層，二十層,二十二層,住宅大樓(11層含以上有電梯),住家用,鋼筋混凝土造,0860508,85.78999999999999,3,1,1,有,有,2300000,26810,,0.0,0,,RPWNMLOJJHMFFCC97CA
安樂區,房地(土地+建物),基隆市安樂區基金一路208巷138弄1~30號,9.95,住,,,1051216,土地2建物1車位0,五層,五層,套房(1房1廳1衛),住家用,鋼筋混凝土造,0840811,41.64,1,1,1,有,有,850000,20413,,0.0,0,,RPWNMLPJJHMFFCC08CA
安樂區,房地(土地+建物),基隆市安樂區樂利二街62巷271~300號,14.46,住,,,1051121,土地2建物1車位0,九層,十二層,住宅大樓(11層含以上有電梯),住家用,鋼筋混凝土造,0881231,90.05,3,2,1,有,有,3500000,38867,,0.0,0,,RPTOMLPJJHMFFCC87CA
安樂區,車位,基隆市安樂區麥金路181~210號,3.56,住,,,1051213,土地0建物0車位1,,,其他,,,,13.47,0,0,0,有,有,1000000,,坡道平面,13.47,1000000,,RPQNMLTJJHMFFCC87CA
安樂區,房地(土地+建物),基隆市安樂區基金三路121~150號,124.9,住,,,1051105,土地1建物1車位0,全,四層,透天厝,見其他登記事項,鋼筋混凝土造,0950623,233.73000000000002,3,3,4,有,有,11500000,49202,,0.0,0,,RPUNMLTJJHMFFCC28CA
七堵區,房地(土地+建物),基隆市七堵區綠葉街32巷31~60號,128.14,,山坡地保育區,丙種建築用地,1051129,土地1建物1車位0,全,四層,透天厝,見其他登記事項,鋼筋混凝土造,0970908,264.54,4,2,4,有,無,12800000,48386,,0.0,0,,RPOOMLKKJHMFFCC96CA
中山區,房地(土地+建物)+車位,基隆市中山區華興街53巷1~30號,30.24,住,,,1051126,土地1建物1車位1,五層,八層,華廈(10層含以下有電梯),住家用,鋼筋混凝土造,0970821,159.14,3,2,2,有,有,6600000,41473,坡道平面,31.42,0,,RPPOMLKKJHMFFCC07CA
安樂區,房地(土地+建物)+車位,基隆市安樂區樂利三街1~30號,44.84,住,,,1051208,土地2建物1車位1,三層,二十一層,住宅大樓(11層含以上有電梯),住家用,鋼筋混凝土造,0830915,274.39,5,3,2,有,有,14300000,52116,坡道平面,0.0,0,,RPRNMLLKJHMFFCC27CA
安樂區,房地(土地+建物),基隆市安樂區麥金路271~300號,7.13,住,,,1051123,土地3建物1車位0,二十二層,二十二層,住宅大樓(11層含以上有電梯),見其他登記事項,鋼筋混凝土造,1050124,73.31,2,1,1,有,有,7290000,99441,,0.0,0,,RPSNMLLKJHMFFCC37CA
安樂區,房地(土地+建物)+車位,基隆市安樂區麥金路271~300號,26.02,住,,,1051123,土地3建物1車位1,六層,十八層,住宅大樓(11層含以上有電梯),見其他登記事項,鋼筋混凝土造,1050124,247.03,4,2,2,有,有,16500000,66185,坡道平面,15.87,1200000,,RPUNMLLKJHMFFCC57CA
安樂區,房地(土地+建物)+車位,基隆市安樂區麥金路331~360號,24.72,住,,,1051123,土地3建物1車位1,八層,二十五層,住宅大樓(11層含以上有電梯),見其他登記事項,鋼筋混凝土造,1050124,233.64,3,2,2,有,有,15180000,64655,坡道平面,15.87,1100000,,RPVNMLLKJHMFFCC67CA
安樂區,車位,基隆市安樂區樂利二街62巷1~30號,0.0,,,,1051112,土地0建物0車位1,,,其他,,,,29.68,0,0,0,有,有,950000,,坡道平面,29.68,950000,,RPXNMLSKJHMFFCC58CA
安樂區,房地(土地+建物),基隆市安樂區樂利二街62巷1~30號,39.46,住,,,1051112,土地2建物1車位0,七層,七層,華廈(10層含以下有電梯),住家用,鋼筋混凝土造,0840821,148.57000000000002,4,2,2,有,有,5700000,38366,,0.0,0,,RPPNMLNLJHMFFCC37CA
安樂區,房地(土地+建物)+車位,基隆市安樂區樂利二街62巷121~150號,35.74,住,,,1051115,土地2建物1車位1,九層,九層,華廈(10層含以下有電梯),見其他登記事項,鋼筋混凝土造,1050517,181.83999999999997,4,2,2,有,有,8950000,52472,坡道平面,33.19,1150000,,RPWNMLOLJHMFFCC18CA
安樂區,房地(土地+建物)+車位,基隆市安樂區樂利二街62巷91~120號,37.08,住,,,1051116,土地2建物1車位2,四層,九層,華廈(10層含以下有電梯),見其他登記事項,鋼筋混凝土造,1050517,216.18,4,2,2,有,有,9700000,52069,坡道平面,66.38,1900000,車位無法拆分個別價格。,RPXNMLOLJHMFFCC28CA
暖暖區,房地(土地+建物),基隆市暖暖區源遠路226巷31~60號,14.07,住,,,1051219,土地1建物1車位0,五層,十二層,住宅大樓(11層含以上有電梯),見其他登記事項,鋼筋混凝土造,1020329,75.33,2,1,1,有,有,4150000,55091,,0.0,0,,RPSOMLPJJHMFFCC77CA
暖暖區,房地(土地+建物),基隆市暖暖區源遠路151~180號,16.43,住,,,1051116,土地1建物1車位0,六層,十六層,住宅大樓(11層含以上有電梯),住家用,鋼筋混凝土造,0850309,102.15,3,2,2,有,有,4000000,39158,,0.0,0,親友、員工或其他特殊關係間之交易。,RPTNMLQJJHMFFCC87CA
中正區,房地(土地+建物)+車位,基隆市中正區觀海街151~180號,22.66,住,,,1051201,土地1建物1車位1,九層,十五層,住宅大樓(11層含以上有電梯),住家用,鋼筋混凝土造,0880114,146.48000000000002,3,2,2,有,有,3850000,26283,坡道平面,0.0,0,,RPROMLQKJHMFFBC77CA
仁愛區,房地(土地+建物),基隆市仁愛區成功一路133巷1~30號,29.5,住,,,1051212,土地8建物1車位0,五層,十四層,住宅大樓(11層含以上有電梯),見其他登記事項,鋼筋混凝土造,0860630,168.53,3,2,2,有,有,7000000,41536,,0.0,0,親友、員工或其他特殊關係間之交易。,RPWNMLPJJHMFFBC97CA
中正區,房地(土地+建物)+車位,基隆市中正區新豐街161巷91~120號,39.08,住,,,1051218,土地1建物1車位1,七層,七層,華廈(10層含以下有電梯),見其他登記事項,鋼筋混凝土造,1051007,172.98000000000002,3,2,2,有,有,11200000,69258,坡道平面,24.26,900000,,RPXNMLPJJHMFFBC08CA
中正區,房地(土地+建物),基隆市中正區正義路74巷30弄31~60號,32.5,住,,,1051223,土地3建物1車位0,二層,二層,公寓(5樓含以下無電梯),住家用,加強磚造,0630408,51.52,2,1,1,有,無,800000,15528,,0.0,0,,RPWNMLNKJHMFFBC87CA
安樂區,房地(土地+建物),基隆市安樂區麥金路437巷1~30號,20.21,住,,,1051112,土地1建物1車位0,三層,五層,公寓(5樓含以下無電梯),住家用,鋼筋混凝土造,0670809,48.64,2,1,1,有,無,2220000,45641,,0.0,0,,RPTNMLNLJHMFFCC77CA
安樂區,房地(土地+建物),基隆市安樂區基金一路121巷1~30號,28.88,住,,,1051208,土地1建物1車位0,一層,五層,公寓(5樓含以下無電梯),住家用,鋼筋混凝土造,0850503,95.11,3,2,2,有,有,4000000,42057,,0.0,0,,RPPNMLRLJHMFFCC77CA
安樂區,房地(土地+建物)+車位,基隆市安樂區樂利三街61~90號,29.18,住,,,1051102,土地7建物2車位2,二層,二十層,住宅大樓(11層含以上有電梯),住家用,鋼筋混凝土造,0860117,181.33,3,2,2,有,有,5800000,31984,坡道機械,54.92,0,,RPPNMLRJJHMFFCC67DA
中正區,房地(土地+建物),基隆市中正區北寧路271~300號,19.15,住,,,1051213,土地2建物1車位0,七層,八層,華廈(10層含以下有電梯),住家用,鋼筋混凝土造,0840120,114.09,3,2,2,有,有,4300000,37690,,0.0,0,親友、員工或其他特殊關係間之交易。,RPRNMLNKJHMFFBC37CA
信義區,房地(土地+建物),基隆市信義區教忠街85巷31~60號,103.67,住,,,1051109,土地1建物1車位0,全,三層,透天厝,見其他登記事項,鋼筋混凝土造,0911217,186.55,4,2,3,有,無,11250000,60306,,0.0,0,含增建或未登記建物。,RPPNMLTJJHMFFBC67CA
中正區,房地(土地+建物)+車位,基隆市中正區新豐街211~240號,13.74,住,,,1051221,土地1建物1車位1,九層,二十三層,住宅大樓(11層含以上有電梯),住家用,鋼筋混凝土造,0851129,113.89,2,2,1,有,有,3100000,27219,坡道平面,0.0,0,,RPQNMLLKJHMFFBC07CA
中正區,房地(土地+建物),基隆市中正區觀海街211~240號,6.07,住,,,1051222,土地2建物1車位0,十四層,十六層,套房(1房1廳1衛),住家用,鋼筋混凝土造,0880114,31.769999999999996,1,1,1,有,有,1050000,33050,,0.0,0,,RPSOMLQKJHMFFBC87CA
信義區,房地(土地+建物),基隆市信義區深澳坑路151~180號,6.43,住,,,1051226,土地1建物1車位0,六層,十層,套房(1房1廳1衛),住家用,鋼筋混凝土造,0840127,41.53,1,1,1,有,無,1350000,32507,,0.0,0,,RPPOMLRKJHMFFBC67CA
安樂區,房地(土地+建物),基隆市安樂區麥金路391~420號,28.5,住,,,1051117,土地1建物1車位0,三層,五層,公寓(5樓含以下無電梯),住家用,鋼筋混凝土造,0670809,70.63,3,1,1,有,無,2000000,28317,,0.0,0,母女買賣,RPVNMLQJJHMFFCC08CA
安樂區,房地(土地+建物),基隆市安樂區麥金路211~240號,6.83,住,,,1051216,土地3建物2車位0,七層,十八層,住宅大樓(11層含以上有電梯),見其他登記事項,鋼筋混凝土造,1050124,70.29,2,1,1,有,有,4700000,66866,,0.0,0,,RPPOMLQJJHMFFCC57CA
安樂區,房地(土地+建物),基隆市安樂區基金一路112巷110弄1~30號,11.69,住,,,1051116,土地4建物1車位0,十二層,十二層,住宅大樓(11層含以上有電梯),住家用,鋼筋混凝土造,0851126,81.65,2,1,1,有,有,2900000,35517,,0.0,0,,RPQOMLQJJHMFFCC67CA
安樂區,房地(土地+建物),基隆市安樂區麥金路421巷91~120號,28.16,住,,,1051212,土地1建物1車位0,二層,五層,公寓(5樓含以下無電梯),住家用,鋼筋混凝土造,0670809,61.41,3,1,1,有,無,3000000,48852,,0.0,0,,RPUOMLPJJHMFFCC97CA
中正區,房地(土地+建物)+車位,基隆市中正區新豐街162巷91~120號,55.6,住,,,1051218,土地6建物1車位1,一層,六層,華廈(10層含以下有電梯),住家用,鋼筋混凝土造,1020905,211.95,1,1,2,有,有,9450000,44588,坡道平面,0.0,0,,RPRNMLPLJHMFFBC67CA
安樂區,房地(土地+建物)+車位,基隆市安樂區樂利二街62巷121~150號,33.06,住,,,1051205,土地2建物1車位2,八層,九層,華廈(10層含以下有電梯),見其他登記事項,鋼筋混凝土造,1050517,198.64,3,2,2,有,有,8780000,54287,坡道平面,66.38,1600000,車位無法拆分個別價格。,RPOOMLOLJHMFFCC47CA
安樂區,房地(土地+建物)+車位,基隆市安樂區樂利二街62巷91~120號,40.2,住,,,1051216,土地2建物1車位1,一層，二層，三層,九層,華廈(10層含以下有電梯),見其他登記事項,鋼筋混凝土造,1050517,198.93,2,2,3,有,有,9900000,53397,坡道平面,33.19,1050000,,RPPOMLOLJHMFFCC57CA
七堵區,房地(土地+建物),基隆市七堵區福一街20巷1~30號,28.87,住,,,1051211,土地1建物1車位0,二層,九層,華廈(10層含以下有電梯),見其他登記事項,鋼筋混凝土造,1040925,107.83,3,2,2,有,有,8100000,75118,,0.0,0,,RPPQMLTKJHMFFCC18CA
七堵區,房地(土地+建物),基隆市七堵區百二街31~60號,35.0,住,,,1051209,土地1建物1車位0,二層,四層,公寓(5樓含以下無電梯),住家用,鋼筋混凝土造,0680805,90.37,3,2,2,有,無,4200000,46476,,0.0,0,,RPVNMLKLJHMFFCC67CA
安樂區,車位,基隆市安樂區麥金路181~210號,3.56,住,,,1051224,土地0建物0車位1,,,其他,,,,13.47,0,0,0,有,有,950000,,坡道平面,13.47,950000,,RPTOMLSKJHMFFCC28CA
安樂區,房地(土地+建物),基隆市安樂區麥金路301~330號,12.18,住,,,1051128,土地3建物1車位0,十七層,十八層,住宅大樓(11層含以上有電梯),見其他登記事項,鋼筋混凝土造,1050124,125.34,3,2,2,有,有,10810000,86252,,0.0,0,,RPXNMLLKJHMFFCC87CA
安樂區,房地(土地+建物)+車位,基隆市安樂區麥金路271~300號,23.76,住,,,1050825,土地3建物1車位1,十五層,十八層,住宅大樓(11層含以上有電梯),見其他登記事項,鋼筋混凝土造,1050124,221.32,4,2,2,有,有,13550000,60861,坡道平面,13.47,900000,,RPPOMLLKJHMFFCC17CA
安樂區,房地(土地+建物)+車位,基隆市安樂區麥金路271~300號,16.62,住,,,1051123,土地3建物1車位1,十八層,二十二層,住宅大樓(11層含以上有電梯),見其他登記事項,鋼筋混凝土造,1050124,150.2,3,2,2,有,有,13100000,89332,坡道平面,15.87,1100000,,RPROMLLKJHMFFCC37CA
七堵區,房地(土地+建物),基隆市七堵區崇孝街42巷1~30號,35.25,住,,,1051226,土地1建物1車位0,三層,四層,公寓(5樓含以下無電梯),住家用,鋼筋混凝土加強磚造,0670502,69.7,3,2,1,有,無,3540000,50789,,0.0,0,含增建或未登記建物。,RPQNMLLKJHMFFCC17CA
七堵區,房地(土地+建物),基隆市七堵區南興路151~180號,22.54,商,,,1060110,土地1建物1車位0,五層,五層,公寓(5樓含以下無電梯),住家用,鋼筋混凝土造,0790305,99.35,3,2,2,有,無,5000000,50327,,0.0,0,頂樓增建 1房1廳1衛,RPUNMLMKJHMFFCC67CA
安樂區,房地(土地+建物),基隆市安樂區中和路168巷13弄1~30號,36.59,住,,,1051220,土地3建物1車位0,五層,五層,公寓(5樓含以下無電梯),住家用,鋼筋混凝土造,0840117,142.89000000000001,4,2,2,有,無,3750000,26246,,0.0,0,,RPWOMLNKJHMFFCC08CA
七堵區,房地(土地+建物),基隆市七堵區工建路61~90號,13.32,商,,,1051221,土地1建物1車位0,二層,十五層,住宅大樓(11層含以上有電梯),見其他登記事項,鋼筋混凝土造,1020417,144.65,3,2,2,有,有,7300000,50467,,0.0,0,,RPQOMLQKJHMFFCC77CA
安樂區,房地(土地+建物)+車位,基隆市安樂區麥金路301~330號,16.62,住,,,1051215,土地3建物1車位1,十層,十八層,住宅大樓(11層含以上有電梯),見其他登記事項,鋼筋混凝土造,1050124,150.2,3,2,2,有,有,10550000,70240,坡道平面,0.0,0,,RPROMLQKJHMFFCC87CA
暖暖區,房地(土地+建物)+車位,基隆市暖暖區源遠路361~390號,19.11,住,,,1051205,土地1建物1車位1,十三層,十五層,住宅大樓(11層含以上有電梯),見其他登記事項,鋼筋混凝土造,1041228,133.43,2,1,1,有,有,5830000,51530,坡道平面,36.4,830000,,RPSOMLQKJHMFFCC97CA
安樂區,房地(土地+建物),基隆市安樂區麥金路61~90號,7.72,住,,,1051215,土地1建物1車位0,三層,十九層,住宅大樓(11層含以上有電梯),住家用,鋼筋混凝土造,0831017,89.36000000000001,2,1,1,有,有,2800000,31334,,0.0,0,屋況不佳,RPTOMLQKJHMFFCC08CA
安樂區,房地(土地+建物),基隆市安樂區武嶺街181~210號,30.14,住,,,1051215,土地4建物1車位0,三層,四層,公寓(5樓含以下無電梯),住家用,鋼筋混凝土加強磚造,0650113,68.25,3,1,1,有,無,2250000,32967,,0.0,0,,RPWNMLTJJHMFFCC48CA
安樂區,房地(土地+建物)+車位,基隆市安樂區基金一路112巷110弄1~30號,31.32,住,,,1051118,土地1建物1車位1,六層,七層,華廈(10層含以下有電梯),住家用,鋼筋混凝土造,0851107,147.61,3,1,2,有,有,5480000,37125,坡道平面,0.0,0,,RPRNMLKKJHMFFCC17CA
中山區,房地(土地+建物),基隆市中山區中山一路221巷1~30號,24.65,商,,,1051226,土地5建物1車位0,四層,五層,公寓(5樓含以下無電梯),住家用,鋼筋混凝土造,0700203,82.7,3,3,1,有,無,2600000,31439,,0.0,0,含增建或未登記建物。,RPSNMLKKJHMFFCC27CA
安樂區,房地(土地+建物)+車位,基隆市安樂區麥金路1~30號,20.92,住,,,1051219,土地3建物1車位1,十三層,十五層,住宅大樓(11層含以上有電梯),住家用,鋼筋混凝土造,0811216,166.93,3,2,2,有,有,8300000,49721,坡道平面,33.12,0,,RPQNMLMKJHMFFCC27CA
安樂區,房地(土地+建物),基隆市安樂區基金一路220巷61~90號,209.24,住,,,1001022,土地3建物1車位0,全,五層,透天厝,見其他登記事項,鋼筋混凝土造,1041206,307.36,5,3,3,有,有,19200000,62467,,0.0,0,預售屋買賣初始交易日期及金額。,RPVNMLSKJHMFFCC38CA
安樂區,房地(土地+建物),基隆市安樂區安和一街4巷1~30號,37.36,住,,,1051221,土地1建物1車位0,三層,五層,公寓(5樓含以下無電梯),住家用,鋼筋混凝土造,0690308,82.29,2,2,1,有,無,2400000,29165,,0.0,0,,RPXPMLPLJHMFFCC58CA
信義區,房地(土地+建物),基隆市信義區深澳坑路1~30號,8.19,住,,,1051218,土地4建物1車位0,八層,十六層,套房(1房1廳1衛),住家用,鋼筋混凝土造,0850426,46.6,1,1,1,有,有,1600000,34335,,0.0,0,,RPOOMLPLJHMFFBC47CA
中正區,建物,基隆市中正區豐稔街91~120號,0.0,,,,1051214,土地0建物1車位0,,,住宅大樓(11層含以上有電梯),,,,11.96,0,0,0,無,有,200000,16722,,0.0,0,本交易為儲藏室(公設)之買賣。,RPOOMLNLJHMFFBC27CA
信義區,房地(土地+建物),基隆市信義區深溪路61~90號,110.71,住,,,1051209,土地1建物1車位0,全,四層,透天厝,見其他登記事項,鋼筋混凝土造,0990711,277.11,5,2,3,有,無,25000000,90217,,0.0,0,透天店面,RPSNMLMKJHMFFBC37CA
仁愛區,建物,基隆市仁愛區南新街211~240號,0.0,,,,1051223,土地0建物1車位0,一層,四層,公寓(5樓含以下無電梯),住家用,鋼筋混凝土造,0680820,78.55,2,1,1,有,無,1800000,22915,,0.0,0,親友、員工或其他特殊關係間之交易。含增建或未登記建物。,RPTNMLMKJHMFFBC47CA
中正區,房地(土地+建物)+車位,基隆市中正區觀海街121~150號,16.76,住,,,1051209,土地2建物1車位1,六層,十四層,住宅大樓(11層含以上有電梯),住家用,鋼筋混凝土造,0880114,133.77,2,2,2,有,有,3350000,25043,坡道平面,45.95,0,,RPTNMLTJJHMFFBC08CA
信義區,房地(土地+建物),基隆市信義區深溪路36巷102弄1~30號,22.28,住,,,1051223,土地2建物1車位0,六層,七層,華廈(10層含以下有電梯),住家用,鋼筋混凝土造,0860813,109.16,3,1,1,有,有,2200000,20154,,0.0,0,,RPPNMLKKJHMFFBC86CA
中正區,房地(土地+建物),基隆市中正區豐稔街26巷1~30號,25.8,商,,,1051222,土地1建物1車位0,二層,五層,公寓(5樓含以下無電梯),住家用,鋼筋混凝土造,0690130,80.96,3,2,2,有,無,2300000,28409,,0.0,0,,RPQNMLKKJHMFFBC96CA
中正區,房地(土地+建物),基隆市中正區新豐街271~300號,22.13,住,,,1051216,土地1建物1車位0,六層,二十三層,住宅大樓(11層含以上有電梯),住家用,鋼筋混凝土造,0851129,110.49,3,2,2,有,有,4150000,37560,,0.0,0,,RPTNMLQJJHMFFBC77CA
信義區,房地(土地+建物),基隆市信義區正信路121~150號,33.45,住,,,1051214,土地3建物1車位0,三層,五層,公寓(5樓含以下無電梯),住家用,鋼筋混凝土造,0770606,116.94,3,2,2,有,無,3300000,28220,,0.0,0,,RPVNMLQJJHMFFBC97CA
信義區,房地(土地+建物)+車位,基隆市信義區仁一路37巷1~30號,17.35,商,,,1051212,土地2建物1車位1,十四層,十四層,住宅大樓(11層含以上有電梯),住家用,鋼筋混凝土造,1020826,162.89999999999998,3,2,2,有,有,13300000,81645,坡道平面,32.61,0,,RPPNMLRJJHMFFBC47CA
中正區,房地(土地+建物),基隆市中正區信四路10巷1~30號,53.0,商,,,1051115,土地2建物1車位0,全,三層,透天厝,住家用,鋼筋混凝土加強磚造,0650525,127.68,2,1,1,有,無,5300000,41510,,0.0,0,含增建或未登記建物。,RPSNMLNKJHMFFBC47CA
中正區,土地,和平段301~330地號,56.0,住,,,1051227,土地1建物0車位0,,,其他,,,,0.0,0,0,0,有,無,2200000,39286,,0.0,0,土地上有未辦保存登記建物,RPPNMLLKJHMFFBC96CA
中正區,房地(土地+建物),基隆市中正區新豐街303巷11弄31~60號,19.14,住,,,1051206,土地1建物1車位0,七層,七層,華廈(10層含以下有電梯),住家用,鋼筋混凝土造,0830429,92.69999999999999,3,2,2,有,有,3500000,37756,,0.0,0,,RPWNMLQKJHMFFBC18CA
安樂區,房地(土地+建物),基隆市安樂區安樂路一段121~150號,28.19,住,,,1051122,土地1建物1車位0,四層,五層,公寓(5樓含以下無電梯),住家用,鋼筋混凝土造,0720704,112.0,3,2,1,有,無,5600000,50000,,0.0,0,,RPUNMLKKJHMFFCC67EA
七堵區,房地(土地+建物)+車位,基隆市七堵區泰和街91~120號,47.58,住,,,1051220,土地1建物1車位1,二層,六層,華廈(10層含以下有電梯),見其他登記事項,鋼筋混凝土造,1050726,187.6,4,2,2,有,有,9000000,47974,坡道平面,0.0,0,,RPXNMLLKJHMFFCC08EA
七堵區,土地,溪頭段151~180地號,6.16,其他,,,1051219,土地1建物0車位0,,,其他,,,,0.0,0,0,0,有,無,251600,40844,,0.0,0,向政府機關承購之案件。,RPOPMLTKJHMFFCC18EA
安樂區,房地(土地+建物)+車位,基隆市安樂區麥金路361~390號,15.56,住,,,1051215,土地3建物1車位1,三層,十八層,住宅大樓(11層含以上有電梯),見其他登記事項,鋼筋混凝土造,1050124,139.33,3,2,2,有,有,8900000,63877,坡道平面,15.87,0,,RPPNMLMJKHMFFCC17CA
中正區,房地(土地+建物),基隆市中正區新豐街211~240號,5.5,住,,,1051221,土地1建物1車位0,三層,二十三層,套房(1房1廳1衛),住家用,鋼筋混凝土造,0851129,30.900000000000002,1,1,1,有,有,1400000,45307,,0.0,0,,RPWNMLTKJHMFFBC58DA
仁愛區,土地,南新段1171~1200地號,44.2,住,,,1051212,土地3建物0車位0,,,其他,,,,0.0,0,0,0,有,無,249693,5649,,0.0,0,土地向國產署承購,RPVNMLKLJHMFFBC77EA
中正區,房地(土地+建物),基隆市中正區中正路361~390號,458.0,其他,,,1051129,土地1建物1車位0,全,一層,透天厝,住家用,木造,,100.33,0,0,0,無,無,10600000,105651,,0.0,0,,RPWNMLKKJHMFFBC57CA
信義區,房地(土地+建物),基隆市信義區深溪路211~240號,103.45,住,,,1051213,土地1建物1車位0,全,四層,透天厝,住家用,鋼筋混凝土造,0880120,183.17,5,3,3,有,有,9500000,51864,,0.0,0,,RPQNMLNLJHMFFBC37CA
仁愛區,房地(土地+建物),基隆市仁愛區仁四路19巷31~60號,23.25,住,,,1051201,土地1建物1車位0,三層,四層,公寓(5樓含以下無電梯),住家用,鋼筋混凝土加強磚造,0621020,76.15,3,2,1,有,無,1800000,23638,,0.0,0,,RPPNMLOLJHMFFBC37CA
中正區,房地(土地+建物),基隆市中正區正義路29巷1~30號,4.66,商,,,1051027,土地2建物1車位0,三層,七層,套房(1房1廳1衛),見其他登記事項,鋼筋混凝土造,0850926,31.5,1,1,1,有,有,1800000,57143,,0.0,0,,RPRNMLSKJHMFFBC87CA
安樂區,房地(土地+建物),基隆市安樂區麥金路301~330號,10.47,住,,,1051128,土地3建物1車位0,六層,十八層,住宅大樓(11層含以上有電梯),見其他登記事項,鋼筋混凝土造,1050124,107.72999999999999,3,2,2,有,有,6500000,60336,,0.0,0,,RPRNMLRKJHMFFCC87CA
安樂區,房地(土地+建物),基隆市安樂區基金一路210巷91~120號,35.81,其他,,,1051226,土地2建物1車位0,二層,五層,公寓(5樓含以下無電梯),住家用,鋼筋混凝土造,0800817,132.33,3,1,1,有,有,3800000,28716,,0.0,0,,RPTNMLKKJHMFFCC37CA
安樂區,房地(土地+建物),基隆市安樂區崇德路31~60號,25.17,住,,,1051121,土地2建物1車位0,三層,四層,公寓(5樓含以下無電梯),住家用,鋼筋混凝土造,0680306,77.05,3,2,1,有,無,1050000,13628,,0.0,0,,RPTNMLQKJHMFFCC97CA
暖暖區,車位,基隆市暖暖區暖暖街281巷1~30號,0.16,住,,,1051217,土地0建物0車位1,,,其他,,,,38.87,0,0,0,有,有,1300000,,坡道平面,38.87,1300000,,RPPNMLRKJHMFFCC67CA
安樂區,房地(土地+建物),基隆市安樂區麥金路61~90號,6.36,住,,,1051226,土地1建物1車位0,八層,十九層,套房(1房1廳1衛),住家用,鋼筋混凝土造,0831017,55.5,1,1,1,有,有,2520000,45405,,0.0,0,,RPQOMLNKJHMFFCC47CA
安樂區,房地(土地+建物),基隆市安樂區樂利二街62巷301~330號,5.74,住,,,1051223,土地2建物1車位0,六層,十二層,套房(1房1廳1衛),住家用,鋼筋混凝土造,0881231,36.22,1,1,1,有,有,1880000,51905,,0.0,0,,RPTOMLNKJHMFFCC77CA
七堵區,房地(土地+建物),基隆市七堵區自治街17巷1~30號,18.29,商,,,1051211,土地1建物1車位0,二層,五層,公寓(5樓含以下無電梯),住家用,鋼筋混凝土造,0721013,71.01,3,1,1,有,無,4700000,66188,,0.0,0,含增建或未登記建物。,RPTNMLNKJHMFFCC67CA
安樂區,房地(土地+建物),基隆市安樂區基金一路210巷1弄1~30號,16.37,住,,,1051206,土地1建物1車位0,四層,六層,華廈(10層含以下有電梯),住家用,鋼筋混凝土造,0840925,81.01,2,2,2,有,無,3300000,40736,,0.0,0,,RPOOMLNKJHMFFCC27CA
安樂區,房地(土地+建物),基隆市安樂區武嶺街1~30號,39.09,住,,,1051028,土地1建物1車位0,三層,四層,公寓(5樓含以下無電梯),住家用,見其他登記事項,0691029,92.44,3,2,2,有,無,3500000,37862,,0.0,0,,RPTNMLRKJHMFFCC08CA
中山區,房地(土地+建物),基隆市中山區西定路451~480號,23.25,住,,,1051026,土地2建物1車位0,四層,四層,公寓(5樓含以下無電梯),住家用,鋼筋混凝土加強磚造,0640624,64.38,3,2,1,有,無,2680000,41628,,0.0,0,,RPRNMLQKJHMFFCC77CA
安樂區,房地(土地+建物),基隆市安樂區武聖街91~120號,24.0,住,,,1051220,土地1建物1車位0,五層,五層,公寓(5樓含以下無電梯),住家用,鋼筋混凝土造,0790421,94.78,3,1,1,有,無,2350000,24794,,0.0,0,含增建或未登記建物。,RPRNMLQLJHMFFCC87CA
信義區,房地(土地+建物),基隆市信義區培德路151~180號,10.71,住,,,1051227,土地2建物1車位0,六層,七層,套房(1房1廳1衛),住家用,鋼筋混凝土造,0830908,63.13,1,1,1,有,無,2400000,38017,,0.0,0,,RPXNMLKKJHMFFBC67CA
中正區,房地(土地+建物),基隆市中正區新豐街161巷61~90號,30.48,住,,,1051208,土地1建物1車位0,四層,四層,公寓(5樓含以下無電梯),住家用,鋼筋混凝土造,0720427,89.07000000000001,3,1,1,有,無,3000000,33681,,0.0,0,,RPTNMLQKJHMFFBC87CA
仁愛區,建物,基隆市仁愛區龍安街31~60號,0.0,,,,1051213,土地0建物1車位0,一層,一層,店面(店鋪),住家用,木造,0340101,70.52,0,0,0,無,無,2000000,28361,,0.0,0,土地向鐵路局承租,RPUNMLQKJHMFFBC97CA
中正區,房地(土地+建物)+車位,基隆市中正區觀海街61~90號,25.72,住,,,1051223,土地2建物1車位1,二層,十五層,住宅大樓(11層含以上有電梯),住家用,鋼筋混凝土造,0880114,169.32,4,2,2,有,有,4500000,26577,坡道平面,0.0,0,,RPTNMLNKJHMFFBC57CA
信義區,房地(土地+建物),基隆市信義區深溪路36巷60弄1~30號,21.84,住,,,1051205,土地1建物1車位0,一層,七層,華廈(10層含以下有電梯),住家用,鋼筋混凝土造,0840525,97.17999999999999,3,2,2,有,有,3700000,38074,,0.0,0,,RPUNMLNKJHMFFBC67CA
安樂區,房地(土地+建物),基隆市安樂區安和一街6巷1~30號,36.8,住,,,1051212,土地1建物1車位0,五層,五層,公寓(5樓含以下無電梯),住家用,鋼筋混凝土造,0691210,72.41,3,2,2,有,無,2300000,31764,,0.0,0,,RPXNMLNLJHMFFCC28DA
中山區,房地(土地+建物),基隆市中山區復興路212巷11弄1~30號,68.0,住,,,1051218,土地1建物1車位0,全,二層,透天厝,住家用,加強磚造,0580819,69.3,3,2,2,有,無,2880000,41558,,0.0,0,含增建或未登記建物。,RPUNMLNLJHMFFCC87CA
安樂區,房地(土地+建物)+車位,基隆市安樂區麥金路391~420號,14.03,住,,,1051208,土地3建物1車位1,十層,十八層,住宅大樓(11層含以上有電梯),見其他登記事項,鋼筋混凝土造,1050124,121.19999999999999,3,1,2,有,有,8400000,69301,坡道平面,0.0,0,,RPQNMLQJKHMFFCC67CA
安樂區,房地(土地+建物),基隆市安樂區基金一路208巷148弄1~30號,26.76,住,,,1051220,土地2建物1車位0,一層,五層,公寓(5樓含以下無電梯),住家用,鋼筋混凝土造,0831015,97.44,3,2,2,有,無,4300000,44130,,0.0,0,,RPTOMLQJKHMFFCC08CA
暖暖區,房地(土地+建物)+車位,基隆市暖暖區暖暖街530巷1~30號,35.46,住,,,1051217,土地1建物1車位1,二層,七層,華廈(10層含以下有電梯),見其他登記事項,鋼筋混凝土造,1050122,175.34,3,2,2,有,有,8670000,57180,坡道平面,42.95,1100000,,RPPNMLQJKHMFFCC57CA
暖暖區,房地(土地+建物),基隆市暖暖區碇內街301~330號,16.39,住,,,1051228,土地1建物1車位0,四層,六層,華廈(10層含以下有電梯),住家用,鋼筋混凝土造,0840228,76.71000000000001,2,1,1,有,有,1500000,19554,,0.0,0,,RPSNMLNLJHMFFCC67CA
暖暖區,房地(土地+建物)+車位,基隆市暖暖區東碇路331~360號,18.3,住,,,1051220,土地1建物1車位1,地下一層,九層,華廈(10層含以下有電梯),商業用,鋼筋混凝土造,0860623,124.85999999999999,3,2,2,有,有,5000000,40045,坡道平面,0.0,0,,RPPOMLRJKHMFFCC77CA
中正區,房地(土地+建物),基隆市中正區中正路640巷1~30號,27.09,住,,,1051221,土地5建物1車位0,三層,五層,公寓(5樓含以下無電梯),住家用,鋼筋混凝土造,0691212,79.84,3,2,2,有,無,2700000,33818,,0.0,0,,RPVNMLQKJHMFFBC08CA
中正區,房地(土地+建物),基隆市中正區觀海街121~150號,15.03,住,,,1051210,土地2建物1車位0,九層,十六層,住宅大樓(11層含以上有電梯),住家用,鋼筋混凝土造,0880114,72.28999999999999,2,2,2,有,有,2200000,30433,,0.0,0,,RPSNMLPKJHMFFBC67CA
中正區,房地(土地+建物)+車位,基隆市中正區觀海街91~120號,22.39,住,,,1051213,土地1建物1車位1,十二層,十六層,住宅大樓(11層含以上有電梯),住家用,鋼筋混凝土造,0880114,147.68,3,2,2,有,有,4250000,28778,坡道平面,0.0,0,,RPPNMLMKJHMFFBC07CA
信義區,土地,深澳坑段槓子寮小段271~300地號,376.15,住,,,1051114,土地1建物0車位0,,,其他,,,,0.0,0,0,0,有,無,18500000,49183,,0.0,0,,RPQOMLRKJHMFFBC77CA
中正區,房地(土地+建物),基隆市中正區新豐街333巷1~30號,25.74,住,,,1051222,土地4建物1車位0,五層,九層,華廈(10層含以下有電梯),住家用,鋼筋混凝土造,0840821,105.16,3,2,2,有,有,4670000,44409,,0.0,0,,RPTNMLTKJHMFFBC18CA
中正區,房地(土地+建物)+車位,基隆市中正區豐稔街91~120號,32.45,住,,,1051205,土地1建物1車位2,三層,十四層,住宅大樓(11層含以上有電梯),見其他登記事項,鋼筋混凝土造,1041020,206.2,3,2,2,有,有,9000000,48701,坡道平面,39.47,880000,本件交易共二個車位，其中一個為機車位。,RPPNMLLLJHMFFBC07CA
信義區,房地(土地+建物),基隆市信義區教忠街161巷91~120號,129.85,住,,,1051230,土地1建物1車位0,全,三層,透天厝,見其他登記事項,鋼筋混凝土造,1040709,200.15,4,2,3,有,有,13800000,68948,,0.0,0,,RPPOMLPLJHMFFBC57CA
暖暖區,房地(土地+建物),基隆市暖暖區碇內街271~300號,26.04,住,,,1051230,土地1建物1車位0,二層,六層,華廈(10層含以下有電梯),住家用,鋼筋混凝土造,0840517,113.75,3,2,2,有,無,2700000,23736,,0.0,0,,RPQNMLNLJHMFFCC47CA
安樂區,房地(土地+建物)+車位,基隆市安樂區麥金路271~300號,29.58,住,,,1051216,土地3建物1車位2,十三層,十八層,住宅大樓(11層含以上有電梯),見其他登記事項,鋼筋混凝土造,1050124,262.90999999999997,4,2,2,有,有,15280000,57447,坡道平面,31.74,2000000,,RPTPMLTKJHMFFCC48CA
安樂區,房地(土地+建物)+車位,基隆市安樂區麥金路241~270號,15.76,住,,,1051220,土地3建物1車位1,七層,十八層,住宅大樓(11層含以上有電梯),見其他登記事項,鋼筋混凝土造,1050124,141.39000000000001,3,2,2,有,有,10880000,76950,坡道平面,15.87,0,,RPVPMLTKJHMFFCC68CA
七堵區,土地,台五線段361~390地號,12011.32,工,,,1051220,土地3建物0車位0,,,其他,,,,0.0,0,0,0,有,無,391295075,32577,,0.0,0,,RPSNMLSKJHMFFCC08CA
安樂區,房地(土地+建物)+車位,基隆市安樂區麥金路301~330號,16.05,住,,,1051208,土地3建物1車位1,二層,十八層,住宅大樓(11層含以上有電梯),見其他登記事項,鋼筋混凝土造,1050124,144.41,3,2,2,有,有,11000000,76241,坡道平面,15.87,1200000,,RPPOMLTKJHMFFCC97CA
安樂區,房地(土地+建物)+車位,基隆市安樂區麥金路241~270號,33.76,住,,,1051208,土地3建物1車位2,二十層,二十二層,住宅大樓(11層含以上有電梯),見其他登記事項,鋼筋混凝土造,1050124,305.90999999999997,4,2,3,有,有,20600000,67114,坡道平面,31.74,2200000,,RPQOMLTKJHMFFCC08CA
安樂區,房地(土地+建物)+車位,基隆市安樂區麥金路361~390號,24.52,住,,,1051208,土地3建物1車位1,十三層,十八層,住宅大樓(11層含以上有電梯),見其他登記事項,鋼筋混凝土造,1050124,229.17,3,2,2,有,有,18100000,79277,坡道平面,13.47,1000000,,RPROMLTKJHMFFCC18CA
安樂區,房地(土地+建物)+車位,基隆市安樂區麥金路271~300號,20.53,住,,,1051208,土地3建物1車位1,十八層,二十二層,住宅大樓(11層含以上有電梯),見其他登記事項,鋼筋混凝土造,1050124,190.45999999999998,4,2,2,有,有,17050000,89639,坡道平面,15.87,1400000,,RPSOMLTKJHMFFCC28CA
安樂區,房地(土地+建物)+車位,基隆市安樂區麥金路271~300號,20.53,住,,,1051208,土地3建物1車位1,十七層,二十二層,住宅大樓(11層含以上有電梯),見其他登記事項,鋼筋混凝土造,1050124,190.45999999999998,4,2,2,有,有,13480000,71482,坡道平面,15.87,1000000,,RPTOMLTKJHMFFCC38CA
安樂區,房地(土地+建物)+車位,基隆市安樂區麥金路271~300號,20.51,住,,,1051208,土地3建物1車位1,二十一層,二十二層,住宅大樓(11層含以上有電梯),見其他登記事項,鋼筋混凝土造,1050124,190.28,4,2,2,有,有,16780000,89330,坡道平面,15.87,1200000,,RPUOMLTKJHMFFCC48CA
安樂區,房地(土地+建物)+車位,基隆市安樂區麥金路301~330號,33.76,住,,,1051208,土地3建物1車位2,十六層,十八層,住宅大樓(11層含以上有電梯),見其他登記事項,鋼筋混凝土造,1050124,305.92,4,2,3,有,有,20000000,64194,坡道平面,31.74,2400000,,RPVOMLTKJHMFFCC58CA
安樂區,房地(土地+建物)+車位,基隆市安樂區麥金路301~330號,33.76,住,,,1051208,土地3建物1車位2,十七層,十八層,住宅大樓(11層含以上有電梯),見其他登記事項,鋼筋混凝土造,1050124,305.92,4,2,3,有,有,20000000,64194,坡道平面,31.74,2400000,,RPWOMLTKJHMFFCC68CA
安樂區,房地(土地+建物)+車位,基隆市安樂區麥金路241~270號,33.76,住,,,1051208,土地3建物1車位2,十層,二十二層,住宅大樓(11層含以上有電梯),見其他登記事項,鋼筋混凝土造,1050124,305.90999999999997,4,2,3,有,有,19250000,61460,坡道平面,31.74,2400000,,RPXOMLTKJHMFFCC78CA
暖暖區,房地(土地+建物),基隆市暖暖區金華街241~270號,30.82,住,,,1051215,土地1建物1車位0,二層,十一層,住宅大樓(11層含以上有電梯),住家用,鋼筋混凝土造,0850105,130.06,3,1,2,有,有,4200000,32293,,0.0,0,,RPPOMLNKJHMFFCC37CA
暖暖區,房地(土地+建物),基隆市暖暖區碇內街241~270號,35.83,住,,,1051219,土地1建物2車位0,十層,十層,華廈(10層含以下有電梯),住家用,鋼筋混凝土造,0850217,170.96,3,2,3,有,有,4150000,24275,,0.0,0,建物兩間打通。,RPRNMLMKJHMFFCC37CA
暖暖區,房地(土地+建物)+車位,基隆市暖暖區源遠路151~180號,17.02,住,,,1051205,土地1建物1車位1,十六層,十六層,住宅大樓(11層含以上有電梯),住家用,鋼筋混凝土造,0850309,143.9,3,2,2,有,有,4550000,31619,坡道平面,0.0,0,,RPSNMLMKJHMFFCC47CA
中山區,房地(土地+建物)+車位,基隆市中山區復興路391~420號,94.53,住,,,1051227,土地1建物1車位2,一層，騎樓,七層,店面(店鋪),見其他登記事項,鋼筋混凝土造,1050429,538.8,0,0,0,無,有,41000000,83680,坡道平面,72.74,2000000,,RPTNMLMKJHMFFCC57CA
安樂區,房地(土地+建物),基隆市安樂區中和路168巷10弄1~30號,27.3,住,,,1051110,土地2建物1車位0,五層,五層,公寓(5樓含以下無電梯),住家用,鋼筋混凝土造,0840117,105.49000000000001,3,2,2,有,無,2000000,18961,,0.0,0,,RPROMLMKJHMFFCC47CA
暖暖區,房地(土地+建物)+車位,基隆市暖暖區暖碇路38巷61~90號,51.43,住,,,1051215,土地2建物1車位1,九層,九層,華廈(10層含以下有電梯),見其他登記事項,鋼筋混凝土造,0980716,161.04,3,2,2,有,有,3700000,22976,坡道平面,0.0,0,,RPSOMLMKJHMFFCC57CA
安樂區,房地(土地+建物),基隆市安樂區崇德路61~90號,13.5,住,,,1051215,土地2建物1車位0,五層,五層,公寓(5樓含以下無電梯),住家用,鋼筋混凝土造,0730914,65.51,2,1,1,有,無,1880000,28698,,0.0,0,,RPUNMLNKJHMFFCC77CA
七堵區,土地,溪頭段571~600地號,52.73,住,,,1051227,土地2建物0車位0,,,其他,,,,0.0,0,0,0,有,無,1757800,33336,,0.0,0,,RPPNMLPKJHMFFCC47CA
七堵區,房地(土地+建物)+車位,基隆市七堵區長安街233巷1~30號,33.31,住,,,1051212,土地1建物1車位1,二層,五層,公寓(5樓含以下無電梯),住家用,鋼筋混凝土造,0850429,154.13,3,2,2,有,有,4300000,27899,坡道平面,0.0,0,,RPUNMLQKJHMFFCC08CA
安樂區,房地(土地+建物),基隆市安樂區安和一街6巷1~30號,33.64,住,,,1051220,土地1建物1車位0,五層,五層,公寓(5樓含以下無電梯),住家用,鋼筋混凝土造,0690308,82.29,3,2,1,有,無,2650000,32203,,0.0,0,含增建或未登記建物。,RPWNMLQKJHMFFCC28CA
中山區,土地,德安段571~600地號,467.68,住,,,1051220,土地3建物0車位0,,,其他,,,,0.0,0,0,0,有,無,14539493,31089,,0.0,0,向政府機關承購之案件。權利人二人,RPXNMLQKJHMFFCC38CA
安樂區,房地(土地+建物)+車位,基隆市安樂區麥金路211~240號,20.53,住,,,1051208,土地3建物1車位1,十七層,二十二層,住宅大樓(11層含以上有電梯),見其他登記事項,鋼筋混凝土造,1050124,190.45999999999998,4,2,2,有,有,14200000,75606,坡道平面,15.87,1000000,,RPQPMLTKJHMFFCC18CA
安樂區,房地(土地+建物)+車位,基隆市安樂區麥金路271~300號,20.53,住,,,1051208,土地3建物1車位1,十五層,二十二層,住宅大樓(11層含以上有電梯),見其他登記事項,鋼筋混凝土造,1050124,188.06,4,2,2,有,有,16730000,89238,坡道平面,13.47,1150000,,RPRPMLTKJHMFFCC28CA
安樂區,房地(土地+建物)+車位,基隆市安樂區麥金路301~330號,15.76,住,,,1051220,土地3建物1車位1,十二層,十八層,住宅大樓(11層含以上有電梯),見其他登記事項,鋼筋混凝土造,1050124,141.39000000000001,3,2,2,有,有,11000000,77799,坡道平面,15.87,0,,RPXPMLTKJHMFFCC88CA
暖暖區,房地(土地+建物)+車位,基隆市暖暖區源遠路249巷181~210號,15.7,住,,,1051211,土地1建物1車位1,二層,十二層,住宅大樓(11層含以上有電梯),住家用,鋼筋混凝土造,0860125,93.73,3,2,2,有,有,4800000,51211,坡道機械,0.0,0,含增建或未登記建物。,RPRNMLNLJHMFFCC57CA
安樂區,房地(土地+建物),基隆市安樂區麥金路241~270號,7.13,住,,,1051031,土地3建物1車位0,九層,十八層,住宅大樓(11層含以上有電梯),見其他登記事項,鋼筋混凝土造,1050124,73.31,2,2,1,有,有,5390000,73523,,0.0,0,,RPTNMLQLJHMFFCC08CA
七堵區,房地(土地+建物)+車位,基隆市七堵區光明路1~30號,31.82,商,,,1051223,土地1建物1車位1,二層,十五層,住宅大樓(11層含以上有電梯),見其他登記事項,鋼筋混凝土造,1020704,209.60000000000002,4,2,2,有,有,15000000,71568,坡道平面,34.72,0,,RPQNMLPLJHMFFCC67CA
信義區,房地(土地+建物),基隆市信義區教忠街91~120號,144.59,住,,,1051119,土地1建物1車位0,全,三層,透天厝,見其他登記事項,鋼筋混凝土造,1050929,195.53,3,2,2,有,無,16200000,82852,,0.0,0,,RPROMLPLJHMFFBC77CA
信義區,車位,基隆市信義區深溪路36巷102弄31~60號,0.0,,,,1051222,土地0建物0車位1,,,其他,,,,17.36,0,0,0,有,有,600000,,坡道平面,17.36,600000,,RPPNMLQLJHMFFBC57CA
中正區,房地(土地+建物),基隆市中正區信二路271~300號,60.89,商,,,1051025,土地2建物4車位0,四層,八層,華廈(10層含以下有電梯),商業用,鋼筋混凝土造,0740729,539.52,20,0,20,有,無,50000000,92675,,0.0,0,含增建或未登記建物。,RPUNMLQJKHMFFBC97CA
信義區,房地(土地+建物),基隆市信義區教忠街168巷31~60號,88.7,住,,,1051107,土地1建物1車位0,全,三層,透天厝,見其他登記事項,鋼筋混凝土造,0910704,188.26,4,2,3,有,無,11000000,58430,,0.0,0,,RPSNMLQKJHMFFBC77CA
信義區,土地,深美段421~450地號,3284.78,其他,,,1051228,土地4建物0車位0,,,其他,,,,0.0,0,0,0,有,無,22000000,6698,,0.0,0,,RPPOMLTKJHMFFBC87CA
中正區,房地(土地+建物)+車位,基隆市中正區新豐街451~480號,21.73,住,,,1051210,土地3建物1車位0,七層,十八層,住宅大樓(11層含以上有電梯),住家用,鋼筋混凝土造,0861121,111.8,3,2,1,有,有,4700000,42039,坡道平面,0.0,0,,RPSNMLSKJHMFFBC97CA
信義區,房地(土地+建物),基隆市信義區深溪路36巷102弄61~90號,16.27,住,,,1051210,土地1建物1車位0,七層,七層,華廈(10層含以下有電梯),住家用,鋼筋混凝土造,0880120,90.32,2,2,2,有,無,3450000,38198,,0.0,0,,RPTNMLSKJHMFFBC08CA
仁愛區,房地(土地+建物),基隆市仁愛區南榮路151巷33弄1~30號,24.3,住,,,1060103,土地3建物1車位0,三層,五層,公寓(5樓含以下無電梯),住家用,鋼筋混凝土造,0851219,86.88000000000001,2,2,1,有,無,2020000,23250,,0.0,0,本案交易總價中，2萬元為室內家具。,RPRNMLPKJHMFFBC57CA
信義區,房地(土地+建物),基隆市信義區義六路34巷31~60號,32.5,住,,,1051222,土地1建物1車位0,四層,四層,公寓(5樓含以下無電梯),住家用,加強磚造,0570216,77.76,3,2,2,有,無,2000000,25720,,0.0,0,親友、員工或其他特殊關係間之交易。含增建或未登記建物。,RPXNMLNKJHMFFBC97CA
暖暖區,房地(土地+建物)+車位,基隆市暖暖區源遠路226巷61~90號,22.58,住,,,1051212,土地1建物1車位1,八層,十二層,住宅大樓(11層含以上有電梯),見其他登記事項,鋼筋混凝土造,1020329,137.92000000000002,3,2,2,有,有,7150000,51842,坡道平面,18.47,0,,RPXNMLTJKHMFFCC68CA
仁愛區,房地(土地+建物),基隆市仁愛區愛五路19巷1~30號,13.25,商,,,1051226,土地2建物1車位0,二層,五層,套房(1房1廳1衛),住家用,鋼筋混凝土造,0670310,36.09,1,1,1,有,無,2200000,60959,,0.0,0,,RPROMLRKJHMFFBC97DA
安樂區,房地(土地+建物)+車位,基隆市安樂區樂利二街62巷121~150號,31.72,住,,,1051223,土地2建物1車位1,三層,九層,華廈(10層含以下有電梯),見其他登記事項,鋼筋混凝土造,1050517,163.68,3,2,2,有,有,8100000,49487,坡道平面,33.19,0,,RPXNMLRJKHMFFCC48CA
安樂區,房地(土地+建物),基隆市安樂區基金三路31~60號,19.17,住,,,1051214,土地2建物1車位0,八層,十二層,住宅大樓(11層含以上有電梯),住家用,鋼筋混凝土造,0840701,103.91,3,2,2,有,有,3200000,30796,,0.0,0,,RPTNMLSKJHMFFCC28DA
暖暖區,房地(土地+建物),基隆市暖暖區碇內街211~240號,21.9,住,,,1051102,土地1建物1車位0,一層,十層,華廈(10層含以下有電梯),住家用,鋼筋混凝土造,0850217,101.65,3,1,2,有,有,2900000,28529,,0.0,0,,RPSNMLRKJHMFFCC18EA
仁愛區,房地(土地+建物),基隆市仁愛區愛三路1~30號,6.14,商,,,1051017,土地2建物1車位0,十二層,十二層,住宅大樓(11層含以上有電梯),住家用,鋼筋混凝土造,0730920,56.61,1,1,1,有,無,2000000,35329,,0.0,0,,RPXNMLKLJHMFFBC87DA
信義區,建物,基隆市信義區義六路34巷61~90號,0.0,,,,1060104,土地0建物1車位0,三層,四層,公寓(5樓含以下無電梯),住家用,鋼筋混凝土加強磚造,0660730,53.59,2,2,1,有,無,1250000,23325,,0.0,0,含增建或未登記建物。,RPSNMLTKJHMFFBC18DA
七堵區,房地(土地+建物),基隆市七堵區東新街4巷31~60號,36.46,住,,,1051120,土地2建物1車位0,四層,四層,公寓(5樓含以下無電梯),住家用,鋼筋混凝土造,0690508,84.88,5,3,2,有,無,4150000,48893,,0.0,0,含增建或未登記建物。,RPPNMLRJKHMFFCC67CA
安樂區,房地(土地+建物),基隆市安樂區基金一路112巷110弄1~30號,17.23,住,,,1051216,土地4建物1車位0,九層,十二層,住宅大樓(11層含以上有電梯),住家用,鋼筋混凝土造,0851126,115.91,3,2,2,有,有,3650000,31490,,0.0,0,,RPRNMLQJKHMFFCC77CA
中正區,房地(土地+建物)+車位,基隆市中正區新豐街151~180號,15.48,住,,,1051229,土地1建物1車位1,十七層,二十三層,住宅大樓(11層含以上有電梯),住家用,鋼筋混凝土造,0851129,121.81,2,2,1,有,有,3500000,28733,坡道平面,42.55,0,,RPPOMLNKJHMFFBC27CA
信義區,房地(土地+建物),基隆市信義區東峰街31巷1~30號,62.95,住,,,1051216,土地1建物1車位0,全,二層,透天厝,住家用,加強磚造,0650413,92.26,2,2,2,有,無,2900000,31433,,0.0,0,,RPPNMLQKJHMFFBC47CA
中正區,房地(土地+建物),基隆市中正區北寧路275巷1~30號,56.0,住,,,1051230,土地1建物1車位0,全,二層,透天厝,住商用,加強磚造,0581205,107.1,1,1,2,有,無,3200000,29879,,0.0,0,,RPOOMLQKJHMFFBC47CA
中正區,房地(土地+建物),基隆市中正區北寧路275巷1~30號,52.0,住,,,1051230,土地1建物1車位0,全,二層,透天厝,住家用,加強磚造,0581205,107.1,1,1,2,有,無,3060000,28571,,0.0,0,,RPPOMLQKJHMFFBC57CA
信義區,房地(土地+建物),基隆市信義區東明路1~30號,20.5,商,,,1060103,土地2建物1車位0,全,一層,透天厝,住家用,磚造,0480901,25.95,1,1,1,有,無,2420000,93256,,0.0,0,,RPQOMLQKJHMFFBC67CA
仁愛區,房地(土地+建物),基隆市仁愛區成功一路51巷1~30號,21.0,住,,,1051219,土地1建物1車位0,全,二層,透天厝,住家用,磚造,,34.16,4,2,2,有,無,1500000,43911,,0.0,0,,RPSOMLRKJHMFFBC97CA
中正區,房地(土地+建物),基隆市中正區觀海街1~30號,15.03,住,,,1060103,土地2建物1車位0,十二層,十五層,住宅大樓(11層含以上有電梯),住家用,鋼筋混凝土造,0880114,71.24,2,2,2,有,有,2700000,37900,,0.0,0,,RPUNMLTKJHMFFBC28CA
中正區,房地(土地+建物),基隆市中正區祥豐街151~180號,18.2,住,,,1051118,土地3建物1車位0,五層,五層,公寓(5樓含以下無電梯),住家用,鋼筋混凝土造,0720415,68.95,5,0,5,有,無,2770000,40174,,0.0,0,含增建部分一併移轉。,RPVNMLTKJHMFFBC38CA
信義區,房地(土地+建物)+車位,基隆市信義區深溪路55巷91~120號,25.94,住,,,1051223,土地1建物1車位1,五層,五層,華廈(10層含以下有電梯),住家用,鋼筋混凝土造,0880122,133.13,2,2,2,有,有,4000000,30046,坡道平面,0.0,0,,RPSNMLRKJHMFFBC87CA
信義區,房地(土地+建物),基隆市信義區深澳坑路168巷48弄1~30號,27.56,住,,,1051104,土地1建物1車位0,四層，夾層,四層,公寓(5樓含以下無電梯),見其他登記事項,鋼筋混凝土造,0840610,92.58999999999999,3,2,2,有,無,1600000,17280,,0.0,0,,RPSOMLNLJHMFFBC67CA
安樂區,房地(土地+建物),基隆市安樂區武隆街103巷57弄31~60號,125.3,住,,,1051206,土地1建物1車位0,全,四層,透天厝,住家用,鋼筋混凝土造,0950724,325.14,4,3,3,有,無,15200000,46749,,0.0,0,,RPUNMLQLJHMFFCC18CA
暖暖區,房地(土地+建物),基隆市暖暖區國安路30巷1~30號,34.94,住,,,1051229,土地3建物1車位0,二層,四層,公寓(5樓含以下無電梯),住家用,鋼筋混凝土造,0710915,72.33,3,1,1,有,無,1400000,19356,,0.0,0,,RPOOMLQLJHMFFCC67CA
暖暖區,房地(土地+建物),基隆市暖暖區源遠路277巷61~90號,12.1,住,,,1051212,土地1建物1車位0,五層,九層,華廈(10層含以下有電梯),見其他登記事項,鋼筋混凝土造,0990420,87.46,2,1,1,有,有,4500000,51452,,0.0,0,,RPUOMLKLJHMFFCC67CA
安樂區,房地(土地+建物),基隆市安樂區武嶺街151~180號,132.77,住,,,1051213,土地3建物1車位0,全,三層,透天厝,見其他登記事項,鋼筋混凝土造,0851024,185.16,5,3,3,有,無,9000000,48607,,0.0,0,有增建,RPVOMLKLJHMFFCC77CA
安樂區,房地(土地+建物),基隆市安樂區武嶺街151~180號,134.41,住,,,1051213,土地3建物1車位0,全,三層,透天厝,見其他登記事項,鋼筋混凝土造,0851024,188.0,5,3,4,有,無,9000000,47872,,0.0,0,有增建,RPWOMLKLJHMFFCC87CA
安樂區,房地(土地+建物),基隆市安樂區基金一路220巷61~90號,209.24,住,,,1040309,土地3建物1車位0,全,五層,透天厝,見其他登記事項,鋼筋混凝土造,1041206,307.36,5,3,3,有,有,15000000,48803,,0.0,0,預售屋買賣初始交易日期及金額。共有人2人。,RPWNMLSKJHMFFCC48CA
安樂區,房地(土地+建物),基隆市安樂區中和路168巷8弄1~30號,43.59,住,,,1060105,土地3建物1車位0,一層,五層,公寓(5樓含以下無電梯),住家用,鋼筋混凝土造,0840117,180.8,3,3,3,有,無,5000000,27655,,0.0,0,,RPOOMLRKJHMFFCC67CA
安樂區,房地(土地+建物),基隆市安樂區中和路181~210號,33.8,住,,,1051229,土地2建物1車位0,四層,五層,公寓(5樓含以下無電梯),住家用,鋼筋混凝土造,0870710,133.98,4,2,2,有,無,3400000,25377,,0.0,0,,RPRNMLSKJHMFFCC97CA
