s腹,ó烀O,ó旎,ó飙笨nキよそへ
RPVNMLTLKILFFAI09CA,YDキ,0,
RPXNMLQJKHMFFAI78CA,@加キ,0,
RPXNMLQJKHMFFAI78CA,@加キ,0,
RPOOMLSKJHMFFAI18CA,YD诀瘪,0,
RPPNMLTKJHMFFAI28CA,YDキ,0,
RPTNMLKLJHMFFAI87CA,YDキ,0,
RPVOMLPLJHMFFAI88EA,YDキ,0,
RPTNMLMJKHMFFAI97CA,YDキ,0,
RPTNMLPLJHMFFAI38CA,YD诀瘪,490000,
RPTNMLPLJHMFFAI38CA,YD诀瘪,490000,
RPUNMLPLJHMFFAI48CA,YD诀瘪,450000,
RPROMLOLJHMFFAI18CA,YD诀瘪,500000,14.31
RPUNMLSKKHMFFAI78CA,@加キ,0,
RPUNMLSKKHMFFAI78CA,@加キ,0,
RPQPMLSKKHMFFAI58CA,YDキ,0,
RPPPMLNJKHMFFAI87CA,@加キ,0,
RPPPMLNJKHMFFAI87CA,@加キ,0,
RPTOMLSKKHMFFAI78CA,@加キ,0,
RPTOMLSKKHMFFAI78CA,@加キ,0,
RPTOMLSKKHMFFAI78CA,@加キ,0,
RPTOMLSKKHMFFAI78CA,@加キ,0,
RPVOMLSKKHMFFAI98CA,@加キ,0,
RPVOMLSKKHMFFAI98CA,@加キ,0,
RPPOMLSKKHMFFAI38CA,@加キ,0,
RPPOMLSKKHMFFAI38CA,@加キ,0,
RPSOMLSKKHMFFAI68CA,@加キ,0,
RPSOMLSKKHMFFAI68CA,@加キ,0,
RPSOMLSKKHMFFAI68CA,@加キ,0,
RPTNMLLLKHMFFAI08CA,YDキ,1000000,30.46
RPUNMLLLKHMFFAI18CA,YD诀瘪,650000,14.31
RPVNMLLLKHMFFAI28CA,YD诀瘪,550000,14.31
RPVNMLLLKHMFFAI28CA,YD诀瘪,550000,14.31
