╢m┬эел░╧,ецйЎ╝╨к║,дgжa░╧мqжь╕mй╬л╪кл░╧к∙╡P,дgжa▓╛┬р┴`н▒┐nендшд╜д╪,│гелдgжaи╧е╬д└░╧,лD│гелдgжaи╧е╬д└░╧,лD│гелдgжaи╧е╬╜sйw,ецйЎж~дыдщ,ецйЎ╡з┤╔╝╞,▓╛┬р╝hж╕,┴`╝╙╝h╝╞,л╪кллм║A,еDнnе╬│~,еDнnл╪зў,л╪┐vз╣жиж~ды,л╪кл▓╛┬р┴`н▒┐nендшд╜д╪,л╪кл▓{кpоцз╜-й╨,л╪кл▓{кpоцз╜-╞U,л╪кл▓{кpоцз╜-╜├,л╪кл▓{кpоцз╜-╣j╢б,ж│╡L║▐▓z▓╒┬┤,┴`╗∙д╕,│ц╗∙иCендшд╜д╪,иожь├■зO,иожь▓╛┬р┴`н▒┐nендшд╜д╪,иожь┴`╗∙д╕,│╞╡∙,╜s╕╣
е┴╢п╢m,л╪кл,╣┼╕q┐де┴╢п╢mдх╢йз°└nе└?1~30╕╣,0.0,,,,1050901,дgжa0л╪кл1иожь0,е■,е|╝h,│zд╤нэ,жэоaе╬,┐√╡м▓V╛одg│y,1050729,193.86,5,1,5,ж│,╡L,3380000,17435,,0.0,0,,RPVNMLNLKILFFCQ86CA
е┴╢п╢m,л╪кл,╣┼╕q┐де┴╢п╢mдх╢йз°└nе└?1~30╕╣,0.0,,,,1051201,дgжa0л╪кл1иожь0,е■,е|╝h,│zд╤нэ,жэоaе╬,┐√╡м▓V╛одg│y,1050729,180.87,6,1,6,ж│,╡L,3200000,17692,,0.0,0,,RPVNMLSLKILFFCQ37CA
дjкL┬э,дgжa,кL└Yмq1~30жa╕╣,666.0,,пSйw╣A╖~░╧,╣Aкке╬жa,1051201,дgжa1л╪кл0иожь0,,,ифеL,,,,0.0,0,0,0,ж│,╡L,605000,908,,0.0,0,,RPUNMLQKJHMFFCQ07EA
дjкL┬э,дgжa,й·йMмq601~630жa╕╣,32.08,ифеL,,,1051101,дgжa1л╪кл0иожь0,,,ифеL,,,,0.0,0,0,0,ж│,╡L,420000,13092,,0.0,0,╣D╕Їе╬жaжVмFй▓╛ў├Ўй╙┴╩дзо╫еєбC,RPWNMLMJKHMFFCQ76DA
╖s┤ф╢m,дgжa,╡f▒CмqжwйMдpмq31~60жa╕╣,1314.0,,пSйw╣A╖~░╧,╣Aкке╬жa,1051201,дgжa1л╪кл0иожь0,,,ифеL,,,,0.0,0,0,0,ж│,╡L,854100,650,,0.0,0,,RPXNMLPJJHMFFCQ07DA
╖s┤ф╢m,дgжa,╡f▒CмqжwйMдpмq901~930жa╕╣,3272.0,,пSйw╣A╖~░╧,╣Aкке╬жa,1051201,дgжa1л╪кл0иожь0,,,ифеL,,,,0.0,0,0,0,ж│,╡L,4450000,1360,,0.0,0,,RPPNMLTLJHMFFCQ76CA
╖s┤ф╢m,дgжa,╖sдым▄╝цмq931~960жa╕╣,1.33,,╢mз°░╧,дA║╪л╪┐vе╬жa,1051201,дgжa1л╪кл0иожь0,,,ифеL,,,,0.0,0,0,0,ж│,╡L,42400,31880,,0.0,0,╖ю╣sжaй╬ж│жXи╓и╧е╬дзецйЎбC,RPSNMLRKJHMFFCQ96EA
╖s┤ф╢m,й╨жa(дgжa+л╪кл),╣┼╕q┐д╖s┤ф╢mдT╢бз°1~30╕╣,97.95,,дu╖~░╧,дB║╪л╪┐vе╬жa,1051201,дgжa1л╪кл1иожь0,е■,е|╝h,│zд╤нэ,игифеL╡n░Oи╞╢╡,┐√╡м▓V╛одg│y,1050519,207.61,4,2,3,ж│,╡L,8200000,39497,,0.0,0,,RPOOMLPLJHMFFCQ09DA
╖s┤ф╢m,дgжa,░ё└Yмqж@йMдpмq721~750жa╕╣,2880.0,,пSйw╣A╖~░╧,╣Aкке╬жa,1051201,дgжa1л╪кл0иожь0,,,ифеL,,,,0.0,0,0,0,ж│,╡L,3100000,1076,,0.0,0,┐╦д═бBн√дuй╬ифеLпSоэ├ЎлY╢бдзецйЎбC,RPQNMLQJKHMFFCQ56DA
╖s┤ф╢m,дgжa,д╗┐│мq481~510жa╕╣,15.87,,╢mз°░╧,дA║╪л╪┐vе╬жa,1051201,дgжa1л╪кл0иожь0,,,ифеL,,,,0.0,0,0,0,ж│,╡L,96004,6049,,0.0,0,╢R╜ц╝╨к║─▌ж@ж│дgжaл∙д└├BбC,RPPNMLPJKHMFFCQ88CA
╖s┤ф╢m,дgжa,дым▄╝цмqм▄╝цдpмq121~150жa╕╣,2405.0,,пSйw╣A╖~░╧,╣Aкке╬жa,1051201,дgжa1л╪кл0иожь0,,,ифеL,,,,0.0,0,0,0,ж│,╡L,2886000,1200,,0.0,0,,RPTNMLLKJHMFFCQ88CA
╖s┤ф╢m,дgжa,дj╝цмqе_╝цдpмq121~150жa╕╣,945.5,,пSйw╣A╖~░╧,╣Aкке╬жa,1051201,дgжa1л╪кл0иожь0,,,ифеL,,,,0.0,0,0,0,ж│,╡L,650000,687,,0.0,0,еSз╠├ЎлY╢бдзецйЎбC,RPPNMLMKJHMFFCQ58CA
╖s┤ф╢m,дgжa,дjл╚мq241~270жa╕╣,934.67,,╢mз°░╧,дA║╪л╪┐vе╬жa,1051001,дgжa2л╪кл0иожь0,,,ифеL,,,,0.0,0,0,0,ж│,╡L,2688000,2876,,0.0,0,,RPQNMLOKJHMFFCQ88CA
╖s┤ф╢m,дgжa,д╜╢щмq31~60жa╕╣,133.0,жэ,,,1051201,дgжa1л╪кл0иожь0,,,ифеL,,,,0.0,0,0,0,ж│,╡L,5280000,39699,,0.0,0,,RPWNMLNKJHMFFCQ76CA
╖s┤ф╢m,дgжa,дддuмq31~60жa╕╣,364.0,,дu╖~░╧,дB║╪л╪┐vе╬жa,1051201,дgжa1л╪кл0иожь0,,,ифеL,,,,0.0,0,0,0,ж│,╡L,3300000,9066,,0.0,0,,RPSNMLPLJHMFFCQ66CA
╖s┤ф╢m,дgжa,жш╔▄мq181~210жa╕╣,342.0,,╢mз°░╧,дA║╪л╪┐vе╬жa,1051201,дgжa1л╪кл0иожь0,,,ифеL,,,,0.0,0,0,0,ж│,╡L,752400,2200,,0.0,0,,RPTNMLTJKHMFFCQ07CA
╖s┤ф╢m,дgжa,еjе┴мq╖sе┴дpмq661~690жa╕╣,101.0,жэ,,,1051201,дgжa1л╪кл0иожь0,,,ифеL,,,,0.0,0,0,0,ж│,╡L,2199600,21778,,0.0,0,,RPXNMLNKJHMFFCQ07EA
▒Ўдs╢m,дgжa,▒Ўе_мq181~210жa╕╣,229.0,жэ,,,1051201,дgжa2л╪кл0иожь0,,,ифеL,,,,0.0,0,0,0,ж│,╡L,2335800,10200,,0.0,0,┐╦д═бBн√дuй╬ифеLпSоэ├ЎлY╢бдзецйЎбC,RPQNMLQKJHMFFEQ86EA
дjкL┬э,дgжa,й·йMмq181~210жa╕╣,128.31,жэ,,,1060101,дgжa1л╪кл0иожь0,,,ифеL,,,,0.0,0,0,0,ж│,╡L,3000000,23381,,0.0,0,зt╝Wл╪й╬е╝╡n░Oл╪клбC,RPQNMLRJKHMFFCQ76EA
дjкL┬э,дgжa,дЇ└Yмq1111~1140жa╕╣,420.18,,╢mз°░╧,дA║╪л╪┐vе╬жa,1051201,дgжa2л╪кл0иожь0,,,ифеL,,,,0.0,0,0,0,ж│,╡L,3813133,9075,,0.0,0,,RPPOMLNKJHMFFCQ98EA
дjкL┬э,дgжa,е_╢╒мqе_╢╒дpмq241~270жa╕╣,1309.0,,пSйw╣A╖~░╧,╣Aкке╬жa,1060101,дgжa1л╪кл0иожь0,,,ифеL,,,,0.0,0,0,0,ж│,╡L,1950000,1490,,0.0,0,,RPSNMLNKJHMFFCQ56EA
╖s┤ф╢m,дgжa,▒[дlмq▒[дlдpмq391~420жa╕╣,4716.0,,пSйw╣A╖~░╧,╣Aкке╬жa,1051201,дgжa1л╪кл0иожь0,,,ифеL,,,,0.0,0,0,0,ж│,╡L,4716000,1000,,0.0,0,,RPWOMLNKJHMFFCQ86CA
╖s┤ф╢m,дgжa,дT╢бнэмq511~540жa╕╣,16092.0,,пSйw╣A╖~░╧,╣Aкке╬жa,1051001,дgжa5л╪кл0иожь0,,,ифеL,,,,0.0,0,0,0,ж│,╡L,25500000,1585,,0.0,0,,RPRNMLKLJHMFFCQ68CA
╖s┤ф╢m,дgжa,┤_┐│мq661~690жa╕╣,10175.95,,д@пы╣A╖~░╧,╣Aкке╬жa,1051201,дgжa2л╪кл0иожь0,,,ифеL,,,,0.0,0,0,0,ж│,╡L,8000000,786,,0.0,0,и№╢┼┼v╢┼░╚╝v┼Tй╬╢┼░╚йш└vдзецйЎбC,RPPNMLQKJHMFFCQ98CA
╖s┤ф╢m,дgжa,╖╦е_мq╖╦е_дpмq781~810жa╕╣,3693.0,,пSйw╣A╖~░╧,╣Aкке╬жa,1051201,дgжa1л╪кл0иожь0,,,ифеL,,,,0.0,0,0,0,ж│,╡L,5200000,1408,,0.0,0,,RPQNMLQKJHMFFCQ09CA
╖s┤ф╢m,дgжa,е├║╓мq721~750жa╕╣,98.0,жэ,,,1051201,дgжa1л╪кл0иожь0,,,ифеL,,,,0.0,0,0,0,ж│,╡L,300000,3061,,0.0,0,╖ю╣sжaй╬ж│жXи╓и╧е╬дзецйЎбC,RPRNMLRKJHMFFCQ66CA
╖s┤ф╢m,дgжa,дj╝цмqдj╝цдpмq31~60жa╕╣,1730.0,,пSйw╣A╖~░╧,╣Aкке╬жa,1051201,дgжa1л╪кл0иожь0,,,ифеL,,,,0.0,0,0,0,ж│,╡L,2768000,1600,,0.0,0,,RPPNMLNKJHMFFCQ68CA
╖s┤ф╢m,дgжa,░ё└Yмq░ё└Yдpмq211~240жa╕╣,274.0,,пSйw╣A╖~░╧,е╥║╪л╪┐vе╬жa,1051201,дgжa1л╪кл0иожь0,,,ифеL,,,,0.0,0,0,0,ж│,╡L,2170000,7920,,0.0,0,,RPQNMLKLJHMFFCQ58CA
╖s┤ф╢m,дgжa,╡f▒CмqжwйMдpмq1051~1080жa╕╣,3339.0,,пSйw╣A╖~░╧,╣Aкке╬жa,1051201,дgжa1л╪кл0иожь0,,,ифеL,,,,0.0,0,0,0,ж│,╡L,1150000,344,,0.0,0,,RPTNMLQKJHMFFCQ86DA
ж╦▒T╢m,дgжa,дьм]╝dмq511~540жa╕╣,1849.5,,дsйYжaлOи|░╧,╣Aкке╬жa,1051201,дgжa1л╪кл0иожь0,,,ифеL,,,,0.0,0,0,0,ж│,╡L,3550000,1919,,0.0,0,зtе╝╡n░Oл╪клбC,RPUNMLRJKHMFFEQ17CA
д╙лOел,й╨жa(дgжa+л╪кл),╣┼╕q┐дд╙лOеле_┤ф╕ЇдGмq429л╤200з╦1~30╕╣,104.94,жэ,,,1051201,дgжa2л╪кл1иожь0,е■,дT╝h,│zд╤нэ,игифеL╡n░Oи╞╢╡,┐√╡м▓V╛одg│y,1041016,167.25,4,2,3,ж│,╡L,5700000,34081,,0.0,0,,RPSNMLSKJHMFFDQ07DA
д╙лOел,й╨жa(дgжa+л╪кл),╣┼╕q┐дд╙лOеле_┤ф╕ЇдGмq429л╤200з╦1~30╕╣,104.94,жэ,,,1051201,дgжa2л╪кл1иожь0,е■,дT╝h,│zд╤нэ,игифеL╡n░Oи╞╢╡,┐√╡м▓V╛одg│y,1041016,167.25,4,2,3,ж│,╡L,5700000,34081,,0.0,0,,RPVNMLSKJHMFFDQ37DA
╖s┤ф╢m,дgжa,е├║╓мq991~1020жa╕╣,24.02,жэ,,,1051201,дgжa1л╪кл0иожь0,,,ифеL,,,,0.0,0,0,0,ж│,╡L,1815000,75562,,0.0,0,╖ю╣sжaдзецйЎбC,RPVNMLTKJHMFFCQ47EA
▒Ўдs╢m,дgжa,▒Ўлnмq481~510жa╕╣,276.0,жэ,,,1051201,дgжa2л╪кл0иожь0,,,ифеL,,,,0.0,0,0,0,ж│,╡L,3000000,10870,,0.0,0,,RPPNMLTJKHMFFEQ07EA
е┴╢п╢m,й╨жa(дgжa+л╪кл),╣┼╕q┐де┴╢п╢mдT┐│з°7╛Fд╔╛╟д@╡є1~30╕╣,346.76,жэ,,,1051101,дgжa2л╪кл1иожь0,е■,дн╝h,│zд╤нэ,игифеL╡n░Oи╞╢╡,┐√╡м▓V╛одg│y,0960611,814.0,20,0,21,ж│,╡L,22528613,27676,,0.0,0,,RPXNMLNLJHMFFCQ96CA
е┴╢п╢m,й╨жa(дgжa+л╪кл),╣┼╕q┐де┴╢п╢mдT┐│з°7╛Fд╔╛╟д@╡є1~30╕╣,347.68,жэ,,,1051101,дgжa2л╪кл1иожь0,е■,дн╝h,│zд╤нэ,игифеL╡n░Oи╞╢╡,┐√╡м▓V╛одg│y,0960611,814.0,20,0,21,ж│,╡L,22564000,27720,,0.0,0,,SPXNMLNLJHMFFCQ07CA
е┴╢п╢m,й╨жa(дgжa+л╪кл),╣┼╕q┐де┴╢п╢mдT┐│з°7╛Fд╔╛╟д@╡є1~30╕╣,348.62,жэ,,,1051101,дgжa2л╪кл1иожь0,е■,дн╝h,│zд╤нэ,игифеL╡n░Oи╞╢╡,┐√╡м▓V╛одg│y,0960611,814.0,20,0,21,ж│,╡L,22600156,27764,,0.0,0,,TPXNMLNLJHMFFCQ17CA
е┴╢п╢m,й╨жa(дgжa+л╪кл),╣┼╕q┐де┴╢п╢mдT┐│з°7╛Fд╔╛╟д@╡є1~30╕╣,352.02,жэ,,,1051101,дgжa2л╪кл1иожь0,е■,дн╝h,│zд╤нэ,игифеL╡n░Oи╞╢╡,┐√╡м▓V╛одg│y,0960611,819.4,20,0,21,ж│,╡L,22768294,27787,,0.0,0,,UPXNMLNLJHMFFCQ27CA
е┴╢п╢m,й╨жa(дgжa+л╪кл),╣┼╕q┐де┴╢п╢mдT┐│з°7╛Fд╔╛╟д@╡є1~30╕╣,708.19,жэ,,,1051101,дgжa2л╪кл1иожь0,е■,дн╝h,│zд╤нэ,игифеL╡n░Oи╞╢╡,┐√╡м▓V╛одg│y,0960611,1553.28,36,0,37,ж│,╡L,44799550,28842,,0.0,0,,RPOOMLNLJHMFFCQ78CA
е┴╢п╢m,й╨жa(дgжa+л╪кл),╣┼╕q┐де┴╢п╢mдT┐│з°7╛Fд╔╛╟д@╡є1~30╕╣,344.88,жэ,,,1051101,дgжa2л╪кл1иожь0,е■,дн╝h,│zд╤нэ,игифеL╡n░Oи╞╢╡,┐√╡м▓V╛одg│y,0960611,814.0,20,0,21,ж│,╡L,22456300,27588,,0.0,0,,SPOOMLNLJHMFFCQ88CA
е┴╢п╢m,й╨жa(дgжa+л╪кл),╣┼╕q┐де┴╢п╢mдT┐│з°7╛Fд╔╛╟д@╡є1~30╕╣,343.97,жэ,,,1051101,дgжa2л╪кл1иожь0,е■,дн╝h,│zд╤нэ,игифеL╡n░Oи╞╢╡,┐√╡м▓V╛одg│y,0960611,814.0,20,0,21,ж│,╡L,22421298,27545,,0.0,0,,TPOOMLNLJHMFFCQ98CA
е┴╢п╢m,й╨жa(дgжa+л╪кл),╣┼╕q┐де┴╢п╢mдT┐│з°7╛Fд╔╛╟д@╡є1~30╕╣,344.92,жэ,,,1051101,дgжa2л╪кл1иожь0,е■,дн╝h,│zд╤нэ,игифеL╡n░Oи╞╢╡,┐√╡м▓V╛одg│y,0960611,814.0,20,0,21,ж│,╡L,22457839,27589,,0.0,0,,UPOOMLNLJHMFFCQ09CA
е┴╢п╢m,й╨жa(дgжa+л╪кл),╣┼╕q┐де┴╢п╢mдT┐│з°7╛Fд╔╛╟д@╡є1~30╕╣,345.84,жэ,,,1051101,дgжa2л╪кл1иожь0,е■,дн╝h,│zд╤нэ,игифеL╡n░Oи╞╢╡,┐√╡м▓V╛одg│y,0960611,814.0,20,0,21,ж│,╡L,22493226,27633,,0.0,0,,VPOOMLNLJHMFFCQ56CA
е┴╢п╢m,й╨жa(дgжa+л╪кл),╣┼╕q┐де┴╢п╢mдT┐│з°7╛Fд╔╛╟д@╡є1~30╕╣,315.68,жэ,,,1051101,дgжa2л╪кл1иожь0,е■,е|╝h,│zд╤нэ,игифеL╡n░Oи╞╢╡,┐√╡м▓V╛одg│y,0960611,655.99,23,0,23,ж│,╡L,19539821,29787,,0.0,0,,RPPOMLNLJHMFFCQ88CA
е┴╢п╢m,й╨жa(дgжa+л╪кл),╣┼╕q┐де┴╢п╢mдT┐│з°7╛Fд╔╛╟д@╡є1~30╕╣,296.17,жэ,,,1051101,дgжa2л╪кл1иожь0,е■,е|╝h,│zд╤нэ,игифеL╡n░Oи╞╢╡,┐√╡м▓V╛одg│y,0960611,651.08,17,0,17,ж│,╡L,18752025,28801,,0.0,0,,SPPOMLNLJHMFFCQ98CA
е┴╢п╢m,й╨жa(дgжa+л╪кл),╣┼╕q┐де┴╢п╢mдT┐│з°7╛Fд╔╛╟д@╡є1~30╕╣,296.73,жэ,,,1051101,дgжa2л╪кл1иожь0,е■,е|╝h,│zд╤нэ,игифеL╡n░Oи╞╢╡,┐√╡м▓V╛одg│y,0960611,651.08,17,0,17,ж│,╡L,18773565,28834,,0.0,0,,TPPOMLNLJHMFFCQ09CA
е┴╢п╢m,й╨жa(дgжa+л╪кл),╣┼╕q┐де┴╢п╢mдT┐│з°7╛Fд╔╛╟д@╡є1~30╕╣,297.26,жэ,,,1051101,дgжa2л╪кл1иожь0,е■,е|╝h,│zд╤нэ,игифеL╡n░Oи╞╢╡,┐√╡м▓V╛одg│y,0960611,651.08,17,0,17,ж│,╡L,18793951,28866,,0.0,0,,UPPOMLNLJHMFFCQ56CA
е┴╢п╢m,й╨жa(дgжa+л╪кл),╣┼╕q┐де┴╢п╢mдT┐│з°7╛Fд╔╛╟д@╡є1~30╕╣,302.93,жэ,,,1051101,дgжa2л╪кл1иожь0,е■,е|╝h,│zд╤нэ,игифеL╡n░Oи╞╢╡,┐√╡м▓V╛одg│y,0960611,655.4,17,0,17,ж│,╡L,19049403,29065,,0.0,0,,VPPOMLNLJHMFFCQ66CA
е┴╢п╢m,дgжa,┬╫жммq601~630жa╕╣,1287.64,,пSйw╣A╖~░╧,╣Aкке╬жa,1060101,дgжa1л╪кл0иожь0,,,ифеL,,,,0.0,0,0,0,ж│,╡L,1200000,932,,0.0,0,,RPSNMLQLJHMFFCQ76CA
дjкL┬э,й╨жa(дgжa+л╪кл),╣┼╕q┐ддjкL┬э╣L╖╦и╜15╛Fе├╕S╖sл░21л╤1~30╕╣,133.71,,╢mз°░╧,дA║╪л╪┐vе╬жa,1060101,дgжa2л╪кл1иожь0,е■,дG╝h,│zд╤нэ,жэоaе╬,┐√╡м▓V╛одgе[▒j┐j│y,0701127,129.2,4,1,2,ж│,╡L,2460000,19040,,0.0,0,,RPPNMLPLJHMFFCQ98CA
дЇдW╢m,дgжa,╕q┐│мq391~420жa╕╣,2499.2,,пSйw╣A╖~░╧,╣Aкке╬жa,1060101,дgжa1л╪кл0иожь0,,,ифеL,,,,0.0,0,0,0,ж│,╡L,1950000,780,,0.0,0,,RPUNMLKLJHMFFDQ09CA
д╙лOел,й╨жa(дgжa+л╪кл),╣┼╕q┐дд╙лOелжwдпи╜│╗┤фдlсY31~60╕╣,7.99,,╢mз°░╧,дA║╪л╪┐vе╬жa,1060101,дgжa1л╪кл1иожь0,дT╝h,дн╝h,д╜┤J(5╝╙зtеHдU╡L╣q▒ш),игифеL╡n░Oи╞╢╡,┐√╡м▓V╛одg│y,0930609,16.26,0,0,0,╡L,╡L,380000,23370,,0.0,0,,RPROMLQKJHMFFDQ76CA
дЇдW╢m,дgжa,дд╔▄мq211~240жa╕╣,162.34,,╢mз°░╧,дA║╪л╪┐vе╬жa,1051101,дgжa1л╪кл0иожь0,,,ифеL,,,,0.0,0,0,0,ж│,╡L,610000,3758,,0.0,0,┐╦д═бBн√дuй╬ифеLпSоэ├ЎлY╢бдзецйЎбC,RPTNMLRKJHMFFDQ96CA
дЇдW╢m,дgжa,дд╔▄мq211~240жa╕╣,162.34,,╢mз°░╧,дA║╪л╪┐vе╬жa,1051101,дgжa1л╪кл0иожь0,,,ифеL,,,,0.0,0,0,0,ж│,╡L,610000,3758,,0.0,0,┐╦д═бBн√дuй╬ифеLпSоэ├ЎлY╢бдзецйЎбC,RPVNMLRKJHMFFDQ17CA
дЇдW╢m,дgжa,дU╝d╖sмq301~330жa╕╣,213.74,,пSйw╣A╖~░╧,е╥║╪л╪┐vе╬жa,1051001,дgжa2л╪кл0иожь0,,,ифеL,,,,0.0,0,0,0,ж│,╡L,2300000,10761,,0.0,0,,RPTNMLQLJHMFFDQ96CA
╖s┤ф╢m,дgжa,дj╝цмq║ый╛дpмq511~540жa╕╣,60.0,,╢mз°░╧,ец│qе╬жa,1051201,дgжa1л╪кл0иожь0,,,ифеL,,,,0.0,0,0,0,ж│,╡L,300000,5000,,0.0,0,,RPSNMLTJKHMFFCQ96CA
е┴╢п╢m,й╨жa(дgжa+л╪кл),╣┼╕q┐де┴╢п╢mкў┐│з°к°жw╡є1~30╕╣,82.52,жэ,,,1051101,дgжa2л╪кл1иожь0,е■,дG╝h,│zд╤нэ,жэоaе╬,┐√╡м▓V╛одgе[▒j┐j│y,0701015,101.71,3,2,1,ж│,╡L,2000000,19664,,0.0,0,,RPRNMLSKJHMFFCQ76CA
╖s┤ф╢m,дgжa,╖╦е_мq╖╦е_дpмq1051~1080жa╕╣,2793.0,,пSйw╣A╖~░╧,╣Aкке╬жa,1051201,дgжa1л╪кл0иожь0,,,ифеL,,,,0.0,0,0,0,ж│,╡L,3910200,1400,,0.0,0,,RPQNMLTKJHMFFCQ76CA
е┴╢п╢m,й╨жa(дgжa+л╪кл),╣┼╕q┐де┴╢п╢mдх╢йз°└nе└?1~30╕╣,94.25,жэ,,,1051201,дgжa1л╪кл1иожь0,е■,е|╝h,│zд╤нэ,жэоaе╬,┐√╡м▓V╛одg│y,1050729,214.1,4,1,4,ж│,╡L,7350000,34330,,0.0,0,,RPPNMLKLJHMFFCQ48CA
ж╡дlел,й╨жa(дgжa+л╪кл),╣┼╕q┐дж╡дlелдj▒d╖}211~240╕╣,91.53,,╢mз°░╧,дA║╪л╪┐vе╬жa,1051201,дgжa1л╪кл1иожь0,е■,дT╝h,│zд╤нэ,игифеL╡n░Oи╞╢╡,┐√╡м▓V╛одg│y,1050624,176.43,5,1,3,ж│,╡L,6280000,35595,,0.0,0,,RPPNMLOKKHMFFBQ78CA
ж╡дlел,дgжa,дj·A╖}мqдj╕пдpмq91~120жa╕╣,3172.12,,пSйw╣A╖~░╧,е╥║╪л╪┐vе╬жa,1060101,дgжa10л╪кл0иожь0,,,ифеL,,,,0.0,0,0,0,ж│,╡L,39681400,12509,,0.0,0,,RPQNMLKKKHMFFBQ48CA
╕qж╦╢m,дgжa,жw╖╦╝dмqен╖╦дpмq301~330жa╕╣,219.0,,пSйw╣A╖~░╧,дЇзQе╬жa,1060101,дgжa1л╪кл0иожь0,,,ифеL,,,,0.0,0,0,0,ж│,╡L,110000,502,,0.0,0,┐╦д═бBн√дuй╬ифеLпSоэ├ЎлY╢бдзецйЎбC,RPSNMLSKJHMFFBQ76CA
кFе█╢m,дgжa,кFе█мq1291~1320жa╕╣,19.28,,╢mз°░╧,дA║╪л╪┐vе╬жa,1060101,дgжa1л╪кл0иожь0,,,ифеL,,,,0.0,0,0,0,ж│,╡L,180000,9336,,0.0,0,,RPUNMLSKJHMFFBQ96CA
кFе█╢m,дgжa,кFе█мq1291~1320жa╕╣,70.6,,╢mз°░╧,дA║╪л╪┐vе╬жa,1051201,дgжa1л╪кл0иожь0,,,ифеL,,,,0.0,0,0,0,ж│,╡L,1000000,14164,,0.0,0,,RPWNMLSKJHMFFBQ17CA
╕qж╦╢m,дgжa,лс┬эмq1~30жa╕╣,5078.0,,д@пы╣A╖~░╧,╣Aкке╬жa,1060101,дgжa4л╪кл0иожь0,,,ифеL,,,,0.0,0,0,0,ж│,╡L,2792900,550,,0.0,0,,RPSNMLTKJHMFFBQ86CA
ж╡дlел,й╨жa(дgжa+л╪кл),╣┼╕q┐дж╡дlелд╜╢щдG╡є1~30╕╣,82.42,жэ,,,1060101,дgжa1л╪кл1иожь0,е■,е|╝h,│zд╤нэ,жэоaе╬,┐√╡м▓V╛одg│y,0930906,209.44,4,2,3,ж│,╡L,6900000,32945,,0.0,0,,RPRNMLKLJHMFFBQ58CA
╕qж╦╢m,дgжa,╖╦мwмq╖╦мwдpмq331~360жa╕╣,1071.0,,пSйw╣A╖~░╧,╣Aкке╬жa,1051201,дgжa1л╪кл0иожь0,,,ифеL,,,,0.0,0,0,0,ж│,╡L,2260000,2110,,0.0,0,,RPVNMLNLJHMFFBQ66CA
╕qж╦╢m,дgжa,Чfдl╝dмq31~60жa╕╣,31.08,,╢mз°░╧,дA║╪л╪┐vе╬жa,1051101,дgжa2л╪кл0иожь0,,,ифеL,,,,0.0,0,0,0,ж│,╡L,50000,1609,,0.0,0,┐╦д═бBн√дuй╬ифеLпSоэ├ЎлY╢бдзецйЎбC,RPOOMLPLJHMFFBQ88CA
│└пє╢m,дgжa,│└пємq│└пєдpмq391~420жa╕╣,2082.0,,пSйw╣A╖~░╧,╣Aкке╬жa,1051201,дgжa1л╪кл0иожь0,,,ифеL,,,,0.0,0,0,0,ж│,╡L,2602500,1250,,0.0,0,,RPQNMLLJKHMFFDQ68CA
д╙лOел,й╨жa(дgжa+л╪кл),╣┼╕q┐дд╙лOел┬┬░ёи╜╖s░ё1~30╕╣,91.32,,пSйw╣A╖~░╧,е╥║╪л╪┐vе╬жa,1051201,дgжa6л╪кл1иожь0,е■,е|╝h,│zд╤нэ,жэоaе╬,┐√╡м▓V╛одg│y,1050726,141.8,4,2,2,ж│,╡L,4380000,30889,,0.0,0,,RPXNMLSKJHMFFDQ47CA
д╙лOел,й╨жa(дgжa+л╪кл),╣┼╕q┐дд╙лOел┬┬░ёи╜╖s░ё1~30╕╣,68.53,,пSйw╣A╖~░╧,е╥║╪л╪┐vе╬жa,1051201,дgжa2л╪кл1иожь0,е■,е|╝h,│zд╤нэ,жэоaе╬,┐√╡м▓V╛одg│y,1050726,135.23,4,2,2,ж│,╡L,4650000,34386,,0.0,0,,RPOOMLSKJHMFFDQ66CA
╖s┤ф╢m,дgжa,д╗┐│мq631~660жa╕╣,7022.17,,пSйw╣A╖~░╧,╣Aкке╬жa,1051201,дgжa4л╪кл0иожь0,,,ифеL,,,,0.0,0,0,0,ж│,╡L,7000000,997,,0.0,0,┐╦д═пSоэ├ЎлY╢бдзецйЎбC┼vзQдHж│2дHи№╢┼┼v╢┼░╚╝v┼Tй╬╢┼░╚йш└vдзецйЎбC,RPPNMLQLJHMFFCQ09CA
▒Ўдs╢m,дgжa,▒Ўе_мq181~210жa╕╣,155.41,жэ,,,1051201,дgжa1л╪кл0иожь0,,,ифеL,,,,0.0,0,0,0,ж│,╡L,1585182,10200,,0.0,0,┐╦д═бBн√дuй╬ифеLпSоэ├ЎлY╢бдзецйЎбC,RPRNMLRKKHMFFEQ17EA
╖╦дf╢m,дgжa,│╗йWмqдUйWдpмq541~570жa╕╣,1300.0,,пSйw╣A╖~░╧,╣Aкке╬жa,1051201,дgжa1л╪кл0иожь0,,,ифеL,,,,0.0,0,0,0,ж│,╡L,1014000,780,,0.0,0,,RPXNMLPLJHMFFCQ37EA
е┴╢п╢m,дgжa,│╗╝dмqдд╝sдpмq301~330жa╕╣,877.0,,╢mз°░╧,дA║╪л╪┐vе╬жa,1051201,дgжa1л╪кл0иожь0,,,ифеL,,,,0.0,0,0,0,ж│,╡L,5262000,6000,,0.0,0,,RPRNMLSKJHMFFCQ96EA
ж╦▒T╢m,дgжa,┬╨Рkкўмq1111~1140жa╕╣,1891.0,,д@пы╣A╖~░╧,ец│qе╬жa,1051201,дgжa1л╪кл0иожь0,,,ифеL,,,,0.0,0,0,0,ж│,╡L,680960,360,,0.0,0,е╗╝╨к║клм░░]мF│б░ъж│░]▓г╕pлn░╧д└╕p╝╨░т╣O┤┴е╝┐ь▓z─~й╙╡n░Oо╫еє,RPPNMLQLJHMFFEQ76DA
ж╦▒T╢m,дgжa,┬╨Рkкўмq391~420жa╕╣,3744.0,,д@пы╣A╖~░╧,╣Aкке╬жa,1051201,дgжa1л╪кл0иожь0,,,ифеL,,,,0.0,0,0,0,ж│,╡L,1348040,360,,0.0,0,е╗╝╨к║клм░░]мF│б░ъж│░]▓г╕pлn░╧д└╕p╝╨░т╣O┤┴е╝┐ь▓z─~й╙╡n░Oо╫еє,RPRNMLQLJHMFFEQ96DA
│└пє╢m,дgжa,│└пємq│└пєдpмq241~270жa╕╣,940.0,,пSйw╣A╖~░╧,╣Aкке╬жa,1060101,дgжa1л╪кл0иожь0,,,ифеL,,,,0.0,0,0,0,ж│,╡L,700000,745,,0.0,0,┐╦д═бBн√дuй╬ифеLпSоэ├ЎлY╢бдзецйЎбC,RPUNMLSKJHMFFDQ27DA
д╙лOел,й╨жa(дgжa+л╪кл),╣┼╕q┐дд╙лOел╖╦лn1~30╕╣,106.0,,╢mз°░╧,дA║╪л╪┐vе╬жa,1051201,дgжa1л╪кл1иожь0,е■,дT╝h,│zд╤нэ,жэоaе╬,┐√╡м▓V╛одg│y,0820712,150.39,4,2,3,ж│,╡L,3980000,26465,,0.0,0,,RPQNMLSKJHMFFDQ86DA
е┴╢п╢m,й╨жa(дgжa+л╪кл),╣┼╕q┐де┴╢п╢mкF║aз°24╛Fдхд╞╕Ї31~60╕╣,59.24,жэ,,,1060101,дgжa1л╪кл1иожь0,дT╝h,дн╝h,╡╪╖H(10╝hзtеHдUж│╣q▒ш),игифеL╡n░Oи╞╢╡,┐√╡м▓V╛одg│y,0880428,144.85,2,1,2,ж│,╡L,3416000,23583,,0.0,0,жVмFй▓╛ў├Ўй╙┴╩дзо╫еєбC,RPPNMLTKJHMFFCQ76DA
д╙лOел,й╨жa(дgжa+л╪кл),╣┼╕q┐дд╙лOеле_╖sи╜дддs╕Їд@мq586л╤1~30╕╣,114.69,жэ,,,1051101,дgжa1л╪кл1иожь0,е■,дT╝h,│zд╤нэ,жэоaе╬,┐√╡м▓V╛одgе[▒j┐j│y,0751229,119.54,4,3,3,ж│,╡L,4000000,33462,,0.0,0,,RPPNMLNJKHMFFDQ78CA
▒Ўдs╢m,дgжa,мьдlкLмq691~720жa╕╣,8289.0,,дsйYжaлOи|░╧,╣Aкке╬жa,1050901,дgжa1л╪кл0иожь0,,,ифеL,,,,0.0,0,0,0,ж│,╡L,1300000,157,,0.0,0,,RPPNMLKMJHMFFEQ78CA
ж╦▒T╢m,дgжa,┬╨Рkкўмq151~180жa╕╣,3007.0,,дsйYжaлOи|░╧,╣Aкке╬жa,1051201,дgжa1л╪кл0иожь0,,,ифеL,,,,0.0,0,0,0,ж│,╡L,1800000,599,,0.0,0,,RPPNMLMJKHMFFEQ78CA
ж╦▒T╢m,дgжa,┬╨Рkкўмq961~990жa╕╣,5451.61,,дsйYжaлOи|░╧,╣Aкке╬жa,1060101,дgжa2л╪кл0иожь0,,,ифеL,,,,0.0,0,0,0,ж│,╡L,1300000,238,,0.0,0,,RPQNMLKLJHMFFEQ78CA
╡f╕Ї╢m,дgжa,лnдUз|мq271~300жa╕╣,1079.71,,д@пы╣A╖~░╧,╣Aкке╬жa,1060101,дgжa1л╪кл0иожь0,,,ифеL,,,,0.0,0,0,0,ж│,╡L,960000,889,,0.0,0,е╗о╫╢R╜цжиец╗∙лY┴╩╢Rе╗╡здgжaд║244.33ендшд╜д╪,RPSNMLKLJHMFFEQ98CA
╡f╕Ї╢m,дgжa,д╜е╨мq121~150жa╕╣,1000.0,,┤╦кL░╧,кL╖~е╬жa,1060101,дgжa1л╪кл0иожь0,,,ифеL,,,,0.0,0,0,0,ж│,╡L,130000,130,,0.0,0,┐╦д═бBн√дuй╬ифеLпSоэ├ЎлY╢бдзецйЎбC,RPTNMLKLJHMFFEQ09CA
д╙лOел,й╨жa(дgжa+л╪кл),╣┼╕q┐дд╙лOел▓╗йMд@╕ЇкFмq25л╤1~30╕╣,9.86,жэ,,,1051201,дgжa4л╪кл1иожь0,дG╝h,дн╝h,оMй╨(1й╨1╞U1╜├),игифеL╡n░Oи╞╢╡,┐√╡м▓V╛одg│y,0920505,22.19,1,0,1,ж│,╡L,520000,23434,,0.0,0,,RPRNMLMJKHMFFDQ88CA
е┴╢п╢m,й╨жa(дgжa+л╪кл),╣┼╕q┐де┴╢п╢m░ёид1~30╕╣,83.95,жэ,,,1051201,дgжa1л╪кл1иожь0,е■,дT╝h,│zд╤нэ,игифеL╡n░Oи╞╢╡,┐√╡м▓V╛одg│y,1021104,168.64,4,3,3,ж│,╡L,7100000,42102,,0.0,0,,RPRNMLTKJHMFFCQ96DA
╖╦дf╢m,дgжa,╖╦дfмqлс┤фдpмq991~1020жa╕╣,51.4,,╢mз°░╧,дA║╪л╪┐vе╬жa,1060101,дgжa1л╪кл0иожь0,,,ифеL,,,,0.0,0,0,0,ж│,╡L,50000,973,,0.0,0,┐╦д═бBн√дuй╬ифеLпSоэ├ЎлY╢бдзецйЎбC,RPSNMLTKJHMFFCQ07DA
▒Ўдs╢m,дgжa,мьдlкLмq1~30жa╕╣,188.0,,дsйYжaлOи|░╧,д■║╪л╪┐vе╬жa,1051201,дgжa1л╪кл0иожь0,,,ифеL,,,,0.0,0,0,0,ж│,╡L,71000,378,,0.0,0,ифеLпSоэ├ЎлY╢бдзецйЎбC╖ю╣sжaй╬ж│жXи╓и╧е╬дзецйЎбCж│е┴▒бн╖лUж]п└дзецйЎбC,RPVNMLQLJHMFFEQ27CA
▒Ўдs╢m,дgжa,мьдlкLмq1~30жa╕╣,75.0,,дsйYжaлOи|░╧,╣Aкке╬жa,1051201,дgжa1л╪кл0иожь0,,,ифеL,,,,0.0,0,0,0,ж│,╡L,100000,1333,,0.0,0,ифеLпSоэ├ЎлY╢бдзецйЎбCж│е┴▒бн╖лUж]п└дзецйЎбC,RPWNMLQLJHMFFEQ37CA
д╙лOел,й╨жa(дgжa+л╪кл),╣┼╕q┐дд╙лOел│┬╝dи╜дддs╕ЇдGмq179л╤1~30╕╣,83.97,жэ,,,1051101,дgжa2л╪кл1иожь0,е■,е|╝h,│zд╤нэ,жэоaе╬,┐√╡м▓V╛одg│y,0800620,161.18,4,3,4,ж│,╡L,3900000,24197,,0.0,0,,RPUNMLNJKHMFFDQ76DA
ж╦▒T╢m,дgжa,┬╨Рkкўмq1111~1140жa╕╣,1660.0,,д@пы╣A╖~░╧,╣Aкке╬жa,1051201,дgжa1л╪кл0иожь0,,,ифеL,,,,0.0,0,0,0,ж│,╡L,597800,360,,0.0,0,е╗╝╨к║клм░░]мF│б░ъж│░]▓г╕pлn░╧д└╕p╝╨░т╣O┤┴е╝┐ь▓z─~й╙╡n░Oо╫еє,RPSNMLQLJHMFFEQ07DA
ж╦▒T╢m,дgжa,┬╨Рkкўмq391~420жa╕╣,534.0,,д@пы╣A╖~░╧,д■║╪л╪┐vе╬жa,1051201,дgжa1л╪кл0иожь0,,,ифеL,,,,0.0,0,0,0,ж│,╡L,464780,870,,0.0,0,е╗╝╨к║клм░░]мF│б░ъж│░]▓г╕pлn░╧д└╕p╝╨░т╣O┤┴е╝┐ь▓z─~й╙╡n░Oо╫еє,RPQNMLQLJHMFFEQ86DA
╖s┤ф╢m,й╨жa(дgжa+л╪кл),╣┼╕q┐д╖s┤ф╢mдT╢бз°1~30╕╣,100.92,,дu╖~░╧,дB║╪л╪┐vе╬жa,1051001,дgжa1л╪кл1иожь0,е■,дT╝h,│zд╤нэ,жэоaе╬,┐√╡м▓V╛одg│y,1010912,144.07,4,2,2,ж│,╡L,3800000,26376,,0.0,0,,RPRNMLQLJHMFFCQ66CA
д╙лOел,дgжa,└s╝цмq1201~1230жa╕╣,38.56,░╙,,,1060101,дgжa1л╪кл0иожь0,,,ифеL,,,,0.0,0,0,0,ж│,╡L,1457500,37798,,0.0,0,,RPQNMLTKJHMFFDQ86CA
ж╡дlел,дgжa,╖s╔▄мqдj└]дpмq181~210жa╕╣,1000.0,,пSйw╣A╖~░╧,╣Aкке╬жa,1051201,дgжa1л╪кл0иожь0,,,ифеL,,,,0.0,0,0,0,ж│,╡L,900000,900,,0.0,0,,RPSNMLQLJHMFFBQ66CA
ж╡дlел,й╨жa(дgжa+л╪кл),╣┼╕q┐дж╡дlел╖s╢i╕Ї181~210╕╣,126.0,жэ,,,1051201,дgжa1л╪кл1иожь0,е■,е|╝h,│zд╤нэ,жэоaе╬,┐√╡м▓V╛одg│y,1051114,271.05,4,2,2,ж│,╡L,14800000,54602,,0.0,0,,RPTNMLNJKHMFFBQ98CA
ж╡дlел,й╨жa(дgжa+л╪кл),╣┼╕q┐дж╡дlелдK╝w╕Ї151~180╕╣,147.0,жэ,,,1051001,дgжa1л╪кл1иожь0,е■,е|╝h,│zд╤нэ,жэоaе╬,┐√╡м▓V╛одg│y,1051114,279.77,3,2,4,ж│,╡L,16600000,59334,,0.0,0,,RPUNMLNJKHMFFBQ09CA
ж╡дlел,й╨жa(дgжa+л╪кл),╣┼╕q┐дж╡дlелдK╝w╕Ї121~150╕╣,141.0,жэ,,,1050701,дgжa2л╪кл1иожь0,е■,е|╝h,│zд╤нэ,жэоaе╬,┐√╡м▓V╛одg│y,1051114,279.72,3,2,4,ж│,╡L,19000000,67925,,0.0,0,,RPVNMLNJKHMFFBQ56CA
ж╡дlел,дgжa,╖s╝dмq1021~1050жa╕╣,814.92,жэ,,,1051201,дgжa5л╪кл0иожь0,,,ифеL,,,,0.0,0,0,0,ж│,╡L,26130000,32064,,0.0,0,,RPTNMLOLJHMFFBQ56CA
ем│U┬э,дgжa,дWж┐дsмq931~960жa╕╣,15872.33,,пSйw▒Mе╬░╧,╛i┤▐е╬жa,1051201,дgжa14л╪кл0иожь0,,,ифеL,,,,0.0,0,0,0,ж│,╡L,5700000,359,,0.0,0,┐╦д═бBн√дuй╬ифеLпSоэ├ЎлY╢бдзецйЎбC,RPPNMLOJKHMFFBQ68CA
ем│U┬э,й╨жa(дgжa+л╪кл),╣┼╕q┐дем│U┬эд╙енкF╕Ї421~450╕╣,78.41,жэ,,,1051201,дgжa1л╪кл1иожь0,е■,дT╝h,│zд╤нэ,жэ░╙е╬,┐√╡м▓V╛одg│y,0730319,155.88,4,2,3,ж│,╡L,2200000,14113,,0.0,0,,RPPNMLTJKHMFFBQ56CA
ем│U┬э,дgжa,╢Qк┘мqеbдыдpмq421~450жa╕╣,304.88,,д@пы╣A╖~░╧,е╥║╪л╪┐vе╬жa,1060101,дgжa1л╪кл0иожь0,,,ифеL,,,,0.0,0,0,0,ж│,╡L,550000,1804,,0.0,0,,RPUNMLMKKHMFFBQ09CA
╖s┤ф╢m,дgжa,дым▄╝цмqдым▄дpмq421~450жa╕╣,2090.0,,пSйw╣A╖~░╧,╣Aкке╬жa,1051201,дgжa1л╪кл0иожь0,,,ифеL,,,,0.0,0,0,0,ж│,╡L,3081000,1474,,0.0,0,,RPTNMLTKJHMFFCQ07CA
╖s┤ф╢m,дgжa,дым▄╝цмqдым▄дpмq151~180жa╕╣,2230.0,,пSйw╣A╖~░╧,╣Aкке╬жa,1051201,дgжa1л╪кл0иожь0,,,ифеL,,,,0.0,0,0,0,ж│,╡L,3287000,1474,,0.0,0,,RPUNMLTKJHMFFCQ17CA
е┴╢п╢m,дgжa,е┴дuмq361~390жa╕╣,83.0,жэ,,,1051201,дgжa1л╪кл0иожь0,,,ифеL,,,,0.0,0,0,0,ж│,╡L,2100000,25301,,0.0,0,,RPROMLTKJHMFFCQ96CA
╕qж╦╢m,дgжa,╖╦мwмqдW╖╦дpмq841~870жa╕╣,2621.0,,пSйw╣A╖~░╧,╣Aкке╬жa,1060101,дgжa1л╪кл0иожь0,,,ифеL,,,,0.0,0,0,0,ж│,╡L,1913330,730,,0.0,0,┐╦д═бBн√дuй╬ифеLпSоэ├ЎлY╢бдзецйЎбC,RPSNMLTJKHMFFBQ86CA
╕qж╦╢m,дgжa,╖╦мwмq╖╦мwдpмq511~540жa╕╣,124.0,,╢mз°░╧,дA║╪л╪┐vе╬жa,1060101,дgжa1л╪кл0иожь0,,,ифеL,,,,0.0,0,0,0,ж│,╡L,320000,2581,,0.0,0,,RPPNMLOLJHMFFBQ78CA
кFе█╢m,дgжa,│╗┤едl╝dмq│╗┤едpмq211~240жa╕╣,4153.0,,д@пы╣A╖~░╧,╣Aкке╬жa,1060101,дgжa2л╪кл0иожь0,,,ифеL,,,,0.0,0,0,0,ж│,╡L,2100000,506,,0.0,0,,RPQNMLNLJHMFFBQ78CA
ем│U┬э,дgжa,╖sе═мq1~30жa╕╣,48.22,жэ,,,1060101,дgжa1л╪кл0иожь0,,,ифеL,,,,0.0,0,0,0,ж│,╡L,816480,16932,,0.0,0,,RPUNMLTKJHMFFBQ07CA
ж╡дlел,дgжa,╖s╔▄мqнл╣║дpмq61~90жa╕╣,2177.0,,пSйw╣A╖~░╧,╣Aкке╬жa,1060101,дgжa1л╪кл0иожь0,,,ифеL,,,,0.0,0,0,0,ж│,╡L,2460000,1130,,0.0,0,,RPVNMLTKJHMFFBQ17CA
ем│U┬э,дgжa,ж┐дsмq211~240жa╕╣,1340.21,,пSйw▒Mе╬░╧,╛i┤▐е╬жa,1051201,дgжa8л╪кл0иожь0,,,ифеL,,,,0.0,0,0,0,ж│,╡L,679754,507,,0.0,0,┐╦д═бBн√дuй╬ифеLпSоэ├ЎлY╢бдзецйЎбC,RPWNMLNJKHMFFBQ66CA
ж╡дlел,дgжa,дj╢mмq181~210жa╕╣,907.3,,╢mз°░╧,дA║╪л╪┐vе╬жa,1060101,дgжa2л╪кл0иожь0,,,ифеL,,,,0.0,0,0,0,ж│,╡L,27445825,30250,,0.0,0,зt╝Wл╪й╬е╝╡n░Oл╪клбC,RPXNMLMJKHMFFBQ66CA
ж╡дlел,й╨жa(дgжa+л╪кл),╣┼╕q┐дж╡дlелж╡дlд╗╕Ї23л╤1~30╕╣,97.86,жэ,,,1060101,дgжa1л╪кл1иожь0,е■,е|╝h,│zд╤нэ,игифеL╡n░Oи╞╢╡,┐√╡м▓V╛одg│y,1030625,231.78,5,2,5,ж│,╡L,8700000,37536,,0.0,0,,RPOOMLMJKHMFFBQ48CA
ем│U┬э,й╨жa(дgжa+л╪кл),╣┼╕q┐дем│U┬э╣L╖╛дднэ91~120╕╣,124.58,,╢mз°░╧,дA║╪л╪┐vе╬жa,1051201,дgжa4л╪кл1иожь0,е■,е|╝h,│zд╤нэ,жэ░╙е╬,┐√╡м▓V╛одg│y,0951028,213.36,4,2,3,ж│,╡L,6000000,28121,,0.0,0,,RPPNMLRLJHMFFBQ09CA
д╙лOел,дgжa,нX╨дОёмqмKп]дpмq841~870жa╕╣,495.0,,пSйw╣A╖~░╧,╣Aкке╬жa,1051201,дgжa1л╪кл0иожь0,,,ифеL,,,,0.0,0,0,0,ж│,╡L,742500,1500,,0.0,0,┐╦д═бBн√дuй╬ифеLпSоэ├ЎлY╢бдзецйЎбC,RPTNMLTKJHMFFDQ17CA
д╙лOел,дgжa,нX╨дОёмqмKп]дpмq691~720жa╕╣,947.33,,пSйw╣A╖~░╧,╣Aкке╬жa,1051201,дgжa1л╪кл0иожь0,,,ифеL,,,,0.0,0,0,0,ж│,╡L,1421000,1500,,0.0,0,┐╦д═бBн√дuй╬ифеLпSоэ├ЎлY╢бдзецйЎбC,RPXNMLTKJHMFFDQ57CA
д╙лOел,дgжa,нX╨дОёмqмKп]дpмq841~870жa╕╣,322.0,,пSйw╣A╖~░╧,╣Aкке╬жa,1051201,дgжa1л╪кл0иожь0,,,ифеL,,,,0.0,0,0,0,ж│,╡L,483000,1500,,0.0,0,┐╦д═бBн√дuй╬ифеLпSоэ├ЎлY╢бдзецйЎбC,RPOOMLTKJHMFFDQ76CA
дЇдW╢m,й╨жa(дgжa+л╪кл),╣┼╕q┐ддЇдW╢mмhкLз°12╛FмhдlкL1531~1560╕╣,61.64,,╢mз°░╧,дA║╪л╪┐vе╬жa,1051101,дgжa1л╪кл1иожь0,е■,дG╝h,│zд╤нэ,жэоaе╬,┐√╡м▓V╛одgе[▒j┐j│y,0690601,99.24,4,2,2,ж│,╡L,4000000,40306,,0.0,0,╢R╜ц╗∙е]зt╝Wл╪д╬л╟д║╕╦н╫,RPPNMLKLJHMFFDQ58CA
ддоH╢m,дgжa,╢йожмq31~60жa╕╣,318.64,,дsйYжaлOи|░╧,д■║╪л╪┐vе╬жa,1051201,дgжa4л╪кл0иожь0,,,ифеL,,,,0.0,0,0,0,ж│,╡L,2050000,6434,,0.0,0,,RPUNMLQLJHMFFDQ07CA
дЇдW╢m,й╨жa(дgжa+л╪кл),╣┼╕q┐ддЇдW╢mмh╖sз°мhдlкL871~900╕╣,132.08,,╢mз°░╧,дA║╪л╪┐vе╬жa,1060101,дgжa2л╪кл1иожь0,е■,дT╝h,│zд╤нэ,жэоaе╬,┐√╡м▓V╛одg│y,1050718,156.54,4,2,3,ж│,╡L,5280000,33729,,0.0,0,,RPPNMLNLJHMFFDQ88CA
д╙лOел,дgжa,╣L╖╛мq╣L╖╛дpмq631~660жa╕╣,190.0,░╙,,,1060101,дgжa1л╪кл0иожь0,,,ифеL,,,,0.0,0,0,0,ж│,╡L,5000000,26316,,0.0,0,,RPSOMLNLJHMFFDQ66CA
е┴╢п╢m,й╨жa(дgжa+л╪кл)+иожь,╣┼╕q┐де┴╢п╢mе_дцз°27╛Fе_╢╒дl601~630╕╣,19.65,жэ,,,1051201,дgжa1л╪кл1иожь1,дC╝h,дC╝h,╡╪╖H(10╝hзtеHдUж│╣q▒ш),игифеL╡n░Oи╞╢╡,┐√╡м▓V╛одg│y,0830810,124.82,3,2,2,ж│,ж│,1980000,15863,йY╣Dенн▒,0.0,0,,RPPNMLLJKHMFFCQ48CA
е┴╢п╢m,й╨жa(дgжa+л╪кл),╣┼╕q┐де┴╢п╢mе_дцз°╖sе┐дT╡є1~30╕╣,80.0,,╢mз°░╧,дA║╪л╪┐vе╬жa,1051201,дgжa1л╪кл1иожь0,е■,дT╝h,│zд╤нэ,жэоaе╬,┐√╡м▓V╛одg│y,0910114,127.75,4,2,3,ж│,╡L,3450000,27006,,0.0,0,,RPPNMLMJKHMFFCQ58CA
╖╦дf╢m,дgжa,╖╦жшмq871~900жa╕╣,2150.83,жэ,,,1051201,дgжa16л╪кл0иожь0,,,ифеL,,,,0.0,0,0,0,ж│,╡L,9000000,4184,,0.0,0,,RPPOMLMJKHMFFCQ68CA
е┴╢п╢m,й╨жa(дgжa+л╪кл),╣┼╕q┐де┴╢п╢mенйMз°оу└YеJ1~30╕╣,234.0,,пSйw╣A╖~░╧,е╥║╪л╪┐vе╬жa,1060101,дgжa1л╪кл1иожь0,е■,дT╝h,│zд╤нэ,игифеL╡n░Oи╞╢╡,┐√╡м▓V╛одg│y,1050129,222.18,4,2,4,ж│,╡L,6900000,31056,,0.0,0,,RPUNMLPLJHMFFCQ86CA
е┴╢п╢m,й╨жa(дgжa+л╪кл),╣┼╕q┐де┴╢п╢m║╓╝╓з°░ёид271~300╕╣,100.53,░╙,,,1051201,дgжa1л╪кл1иожь0,е■,дG╝h,│zд╤нэ,жэ░╙е╬,┐√╡м▓V╛одgе[▒j┐j│y,0690124,98.09,5,1,2,ж│,╡L,4800000,48935,,0.0,0,,RPTNMLNLJHMFFCQ76EA
е┴╢п╢m,дgжa,╡╫оHмq╡╫оHдpмq1381~1410жa╕╣,2229.0,,пSйw╣A╖~░╧,╣Aкке╬жa,1051201,дgжa1л╪кл0иожь0,,,ифеL,,,,0.0,0,0,0,ж│,╡L,3343500,1500,,0.0,0,,RPSNMLKLJHMFFCQ98EA
дjкL┬э,дgжa,дЇ└Yмq1651~1680жa╕╣,1306.08,,пSйw╣A╖~░╧,╣Aкке╬жa,1060101,дgжa1л╪кл0иожь0,,,ифеL,,,,0.0,0,0,0,ж│,╡L,1044864,800,,0.0,0,,RPTNMLKLJHMFFCQ09EA
е┴╢п╢m,дgжa,е╨ддебмq1201~1230жa╕╣,9274.0,,пSйw╣A╖~░╧,╣Aкке╬жa,1051201,дgжa3л╪кл0иожь0,,,ифеL,,,,0.0,0,0,0,ж│,╡L,10479620,1130,,0.0,0,,RPUNMLKLJHMFFCQ56EA
ж╦▒T╢m,дgжa,╡╡╢│мq691~720жa╕╣,622.58,,д@пы╣A╖~░╧,╣Aкке╬жa,1060101,дgжa2л╪кл0иожь0,,,ифеL,,,,0.0,0,0,0,ж│,╡L,659000,1058,,0.0,0,,RPPNMLKLJHMFFEQ88EA
ддоH╢m,дgжa,жwоaнэмq781~810жa╕╣,47.02,,,,1051201,дgжa1л╪кл0иожь0,,,ифеL,,,,0.0,0,0,0,ж│,╡L,150000,3190,,0.0,0,,RPQOMLNLJHMFFDQ56DA
ддоH╢m,й╨жa(дgжa+л╪кл),╣┼╕q┐дддоH╢mдп╕q╕Ї181~210╕╣,89.93,жэ,,,1060101,дgжa1л╪кл1иожь0,е■,е|╝h,│zд╤нэ,жэ░╙е╬,┐√╡м▓V╛одg│y,0940916,175.94,4,2,4,ж│,╡L,8500000,48312,,0.0,0,,RPVNMLKLJHMFFDQ66DA
ддоH╢m,дgжa,ж╦└Y▒Tмq361~390жa╕╣,2834.0,,д@пы╣A╖~░╧,╣Aкке╬жa,1051201,дgжa1л╪кл0иожь0,,,ифеL,,,,0.0,0,0,0,ж│,╡L,950000,335,,0.0,0,,RPRNMLNLJHMFFDQ56DA
ж╡дlел,дgжa,лn╢╒ж╦мqлnж╦дpмq421~450жa╕╣,4443.0,,пSйw╣A╖~░╧,╣Aкке╬жa,1051201,дgжa1л╪кл0иожь0,,,ифеL,,,,0.0,0,0,0,ж│,╡L,4000000,900,,0.0,0,,RPPNMLKLJHMFFBQ48DA
ем│U┬э,л╪кл,╣┼╕q┐дем│U┬э┤_┐│и╜22╛F╖s╢є121~150╕╣,0.0,,,,1060101,дgжa0л╪кл1иожь0,е■,е|╝h,│zд╤нэ,жэоaе╬,┐√╡м▓V╛одgе[▒j┐j│y,0850701,303.4,6,2,7,ж│,╡L,2176000,7172,,0.0,0,,RPWNMLNLJHMFFBQ86DA
дjкL┬э,дgжa,й·йMмq361~390жa╕╣,49.27,╣A,,,1060101,дgжa1л╪кл0иожь0,,,ифеL,,,,0.0,0,0,0,ж│,╡L,651010,13213,,0.0,0,жVмFй▓╛ў├Ўй╙┴╩дзо╫еєбC,RPRNMLPLJHMFFCQ66DA
ддоH╢m,дgжa,┼@е═мq781~810жa╕╣,149.87,,╢mз°░╧,дA║╪л╪┐vе╬жa,1060101,дgжa1л╪кл0иожь0,,,ифеL,,,,0.0,0,0,0,ж│,╡L,4280000,28558,,0.0,0,,RPRNMLPJKHMFFDQ56CA
╡f╕Ї╢m,дgжa,╡f╕Їмq211~240жa╕╣,2667.0,,д@пы╣A╖~░╧,╣Aкке╬жa,1051201,дgжa1л╪кл0иожь0,,,ифеL,,,,0.0,0,0,0,ж│,╡L,4000000,1500,,0.0,0,,RPUNMLKLJHMFFEQ56CA
╡f╕Ї╢m,дgжa,д╜е╨мq31~60жa╕╣,743.0,,┤╦кL░╧,╣Aкке╬жa,1060101,дgжa1л╪кл0иожь0,,,ифеL,,,,0.0,0,0,0,ж│,╡L,90000,121,,0.0,0,жь╕m░╛╗ўбA╡L╣яе~┴p╡╕╣D╕ЇбA─щдь┬Oе═бC,RPSNMLNLJHMFFEQ66CA
д╙лOел,й╨жa(дgжa+л╪кл),╣┼╕q┐дд╙лOелжwдпи╜д╙лOдG╕Ї31~60╕╣,29.13,жэ,,,1051201,дgжa1л╪кл1иожь0,д╗╝h,дE╝h,╡╪╖H(10╝hзtеHдUж│╣q▒ш),игифеL╡n░Oи╞╢╡,┐√╡м▓V╛одg│y,0850207,100.16,2,2,2,ж│,ж│,3000000,29952,,0.0,0,,RPQNMLTJKHMFFDQ86CA
дjоH╢m,дgжa,оHлnмq241~270жa╕╣,200.31,жэ,,,1060101,дgжa1л╪кл0иожь0,,,ифеL,,,,0.0,0,0,0,ж│,╡L,900000,4493,,0.0,0,,RPQNMLOKKHMFFDQ09CA
ж╡дlел,дgжa,д√мD╞WмqкQ▒Ўдpмq1081~1110жa╕╣,198.0,,пSйw╣A╖~░╧,╣Aкке╬жa,1051201,дgжa1л╪кл0иожь0,,,ифеL,,,,0.0,0,0,0,ж│,╡L,325000,1641,,0.0,0,░ъж│жaй╙┴╩,RPRNMLQJKHMFFBQ56DA
кFе█╢m,дgжa,д┘дl└Y╖sмq541~570жa╕╣,24.78,,д@пы╣A╖~░╧,ец│qе╬жa,1060101,дgжa1л╪кл0иожь0,,,ифеL,,,,0.0,0,0,0,ж│,╡L,166869,6734,,0.0,0,┐╦д═бBн√дuй╬ифеLпSоэ├ЎлY╢бдзецйЎбC,RPRNMLOLJHMFFBQ09DA
е┴╢п╢m,дgжa,е┴е_мq121~150жa╕╣,35.5,жэ,,,1051201,дgжa1л╪кл0иожь0,,,ифеL,,,,0.0,0,0,0,ж│,╡L,568000,16000,,0.0,0,,RPPNMLNLJHMFFCQ98EA
е┴╢п╢m,й╨жa(дgжa+л╪кл),╣┼╕q┐де┴╢п╢m║╓╝╓з°е·й·╡є31~60╕╣,107.0,жэ,,,1051201,дgжa1л╪кл1иожь0,е■,е|╝h,│zд╤нэ,жэоaе╬,┐√╡м▓V╛одg│y,1050315,217.75,4,3,3,ж│,╡L,7000000,32147,,0.0,0,,RPVNMLOLJHMFFCQ86CA
ддоH╢m,дgжa,жwоaнэмq451~480жa╕╣,4274.08,,пSйw╣A╖~░╧,╣Aкке╬жa,1060101,дgжa3л╪кл0иожь0,,,ифеL,,,,0.0,0,0,0,ж│,╡L,13690000,3203,,0.0,0,,RPPNMLPLJHMFFDQ09CA
дЇдW╢m,дgжa,дj╘│з└мqж┐ж╦дpмq91~120жa╕╣,2808.0,,пSйw╣A╖~░╧,╣Aкке╬жa,1060101,дgжa1л╪кл0иожь0,,,ифеL,,,,0.0,0,0,0,ж│,╡L,4773600,1700,,0.0,0,,RPQNMLPLJHMFFDQ56CA
дЇдW╢m,дgжa,лn╣tмqлnйMдpмq451~480жa╕╣,2837.0,,пSйw╣A╖~░╧,╣Aкке╬жa,1051201,дgжa1л╪кл0иожь0,,,ифеL,,,,0.0,0,0,0,ж│,╡L,4160000,1466,,0.0,0,,RPVNMLQLJHMFFDQ17CA
дЇдW╢m,й╨жa(дgжa+л╪кл),╣┼╕q┐ддЇдW╢mлnйMз°лс╝d61~90╕╣,77.1,,пSйw╣A╖~░╧,е╥║╪л╪┐vе╬жa,1051101,дgжa2л╪кл1иожь0,е■,дT╝h,│zд╤нэ,жэоaе╬,┐√╡м▓V╛одg│y,0871124,124.21,4,1,3,ж│,╡L,1900000,15297,,0.0,0,,RPWNMLKLJHMFFDQ66CA
е┴╢п╢m,й╨жa(дgжa+л╪кл),╣┼╕q┐де┴╢п╢mдT┐│з°дT┐│╕Ї61~90╕╣,101.25,жэ,,,1051201,дgжa2л╪кл1иожь0,е■,е|╝h,│zд╤нэ,игифеL╡n░Oи╞╢╡,┐√╡м▓V╛одg│y,1020604,218.0,5,1,6,ж│,╡L,8800000,40367,,0.0,0,,RPRNMLOKKHMFFCQ09CA
ж╡дlел,дgжa,оrлeмqоrлeдpмq1~30жa╕╣,112.48,,╢mз°░╧,дA║╪л╪┐vе╬жa,1060101,дgжa1л╪кл0иожь0,,,ифеL,,,,0.0,0,0,0,ж│,╡L,220000,1956,,0.0,0,,RPPNMLKMJHMFFBQ48CA
ем│U┬э,дgжa,├S┤фмq361~390жa╕╣,26202.01,,пSйw▒Mе╬░╧,╛i┤▐е╬жa,1051201,дgжa7л╪кл0иожь0,,,ифеL,,,,0.0,0,0,0,ж│,╡L,7860600,300,,0.0,0,┐╦д═бBн√дuй╬ифеLпSоэ├ЎлY╢бдзецйЎбC,RPPNMLLLJHMFFBQ48CA
╕qж╦╢m,дgжa,╖sй▒мq1261~1290жa╕╣,6000.0,,д@пы╣A╖~░╧,╛i┤▐е╬жa,1060101,дgжa2л╪кл0иожь0,,,ифеL,,,,0.0,0,0,0,ж│,╡L,3600000,600,,0.0,0,┐╦д═бBн√дuй╬ифеLпSоэ├ЎлY╢бдзецйЎбC,RPQNMLLLJHMFFBQ58CA
ем│U┬э,дgжa,╣L╖╛╖sмq601~630жa╕╣,4209.88,,д@пы╣A╖~░╧,╛i┤▐е╬жa,1051201,дgжa2л╪кл0иожь0,,,ифеL,,,,0.0,0,0,0,ж│,╡L,1363991,324,,0.0,0,,RPPNMLNLJHMFFBQ68CA
ж╡дlел,й╨жa(дgжa+л╪кл),╣┼╕q┐дж╡дlел╖s║a╕Ї103л╤1~30╕╣,91.0,жэ,,,1051201,дgжa1л╪кл1иожь0,е■,дG╝h,│zд╤нэ,жэоaе╬,┐√╡м▓V╛одgе[▒j┐j│y,0681117,105.18,4,2,2,ж│,╡L,4660000,44305,,0.0,0,,RPRNMLNLJHMFFBQ88CA
ж╡дlел,дgжa,└nе└╝dмqж╦з°дpмq901~930жa╕╣,2946.0,,пSйw╣A╖~░╧,╣Aкке╬жa,1051201,дgжa1л╪кл0иожь0,,,ифеL,,,,0.0,0,0,0,ж│,╡L,2651400,900,,0.0,0,,RPSNMLNLJHMFFBQ98CA
е┴╢п╢m,иожь,╣┼╕q┐де┴╢п╢m┐│лnз°└Y╛Ї751~780╕╣,0.0,,,,1060101,дgжa0л╪кл0иожь1,,,ифеL,,,,25.31,0,0,0,ж│,╡L,220000,,йY╣Dенн▒,0.0,220000,,RPVNMLKLJHMFFCQ09CA
╖s┤ф╢m,дgжa,дЇеPмq601~630жa╕╣,81.25,,пSйw╣A╖~░╧,е╥║╪л╪┐vе╬жa,1060101,дgжa1л╪кл0иожь0,,,ифеL,,,,0.0,0,0,0,ж│,╡L,1800000,22154,,0.0,0,зt╝Wл╪й╬е╝╡n░Oл╪клбC,RPQNMLNLJHMFFCQ88CA
е┴╢п╢m,дgжa,╡fдlмq╡fдlдpмq1081~1110жa╕╣,235.9,,╢mз°░╧,дA║╪л╪┐vе╬жa,1051101,дgжa7л╪кл0иожь0,,,ифеL,,,,0.0,0,0,0,ж│,╡L,2000000,8478,,0.0,0,зtе╝лOжs╡n░Oл╪клд@┤╔бC,RPUNMLNLJHMFFCQ66CA
ем│U┬э,дgжa,дEж┐мq721~750жa╕╣,76.86,░╙,,,1060101,дgжa1л╪кл0иожь0,,,ифеL,,,,0.0,0,0,0,ж│,╡L,700000,9107,,0.0,0,,RPRNMLTJKHMFFBQ76CA
ем│U┬э,дgжa,л╪┐│мq1201~1230жa╕╣,108.6,,╢mз°░╧,дA║╪л╪┐vе╬жa,1060101,дgжa4л╪кл0иожь0,,,ифеL,,,,0.0,0,0,0,ж│,╡L,250000,2302,,0.0,0,"дG┐╦╡е╢бпSоэ├ЎлYдзецйЎ,ифдgжa╝Wн╚╡|е╤й╙╢RдHнt╛сбC",RPQNMLOJKHMFFBQ78CA
д╗╕}╢m,дgжa,─мнэмq691~720жa╕╣,94.91,,╢mз°░╧,дA║╪л╪┐vе╬жa,1060101,дgжa1л╪кл0иожь0,,,ифеL,,,,0.0,0,0,0,ж│,╡L,1200000,12644,,0.0,0,дWж│е╝лOжsл╪клд@╡з,RPQNMLOLJHMFFBQ88CA
ж╡дlел,дgжa,д║нэмq1021~1050жa╕╣,292.01,жэ,,,1060101,дgжa1л╪кл0иожь0,,,ифеL,,,,0.0,0,0,0,ж│,╡L,6570000,22499,,0.0,0,,RPQNMLMJKHMFFBQ58CA
ж╡дlел,дgжa,╖s╝dмq571~600жa╕╣,193.39,жэ,,,1060101,дgжa1л╪кл0иожь0,,,ифеL,,,,0.0,0,0,0,ж│,╡L,1300000,6722,,0.0,0,"зt╝Wл╪й╬е╝╡n░Oл╪кл,л∙д└1/3",RPSNMLNJKHMFFBQ88CA
дЇдW╢m,й╨жa(дgжa+л╪кл),╣┼╕q┐ддЇдW╢mдj▒[з°1~30╕╣,114.95,,╢mз°░╧,дA║╪л╪┐vе╬жa,1051201,дgжa2л╪кл1иожь0,е■,е|╝h,│zд╤нэ,жэоaе╬,┐√╡м▓V╛одg│y,0930621,175.63,4,2,3,ж│,╡L,5000000,28469,,0.0,0,,RPUOMLNLJHMFFDQ86CA
дЇдW╢m,дgжa,дU╢ю╖╛мq301~330жa╕╣,347.5,,╢mз°░╧,дA║╪л╪┐vе╬жa,1060101,дgжa1л╪кл0иожь0,,,ифеL,,,,0.0,0,0,0,ж│,╡L,2102400,6050,,0.0,0,,RPQNMLOLJHMFFDQ09CA
е┴╢п╢m,й╨жa(дgжa+л╪кл),╣┼╕q┐де┴╢п╢mкF║aз°24╛Fдхд╞╕Ї31~60╕╣,59.24,жэ,,,1060101,дgжa1л╪кл1иожь0,дн╝h,дн╝h,ифеL,игифеL╡n░Oи╞╢╡,┐√╡м▓V╛одg│y,0880428,171.82999999999998,3,1,2,ж│,╡L,3401000,19793,,0.0,0,,RPSNMLOLJHMFFCQ56CA
е┴╢п╢m,дgжa,е┴┐│мq1~30жa╕╣,1862.75,╣A,,,1051201,дgжa2л╪кл0иожь0,,,ифеL,,,,0.0,0,0,0,ж│,╡L,3200000,1718,,0.0,0,,RPTNMLOLJHMFFCQ66CA
╖s┤ф╢m,дgжa,дддuмq31~60жa╕╣,298.0,,дu╖~░╧,дB║╪л╪┐vе╬жa,1051101,дgжa1л╪кл0иожь0,,,ифеL,,,,0.0,0,0,0,ж│,╡L,2500000,8389,,0.0,0,,RPUNMLOLJHMFFCQ76CA
╖s┤ф╢m,дgжa,ддмvдlмq961~990жa╕╣,2514.0,,пSйw╣A╖~░╧,╣Aкке╬жa,1051201,дgжa1л╪кл0иожь0,,,ифеL,,,,0.0,0,0,0,ж│,╡L,3016800,1200,,0.0,0,,RPVNMLPLJHMFFCQ96CA
╖s┤ф╢m,дgжa,ддмvдlмq961~990жa╕╣,2811.0,,пSйw╣A╖~░╧,╣Aкке╬жa,1051201,дgжa1л╪кл0иожь0,,,ифеL,,,,0.0,0,0,0,ж│,╡L,3373200,1200,,0.0,0,,RPWNMLPLJHMFFCQ07CA
╖s┤ф╢m,дgжa,дT╢бнэмq151~180жa╕╣,644.56,,╢mз°░╧,дA║╪л╪┐vе╬жa,1060101,дgжa2л╪кл0иожь0,,,ифеL,,,,0.0,0,0,0,ж│,╡L,2350000,3646,,0.0,0,,RPPNMLQJKHMFFCQ98CA
дjкL┬э,дgжa,дj┤Ємq511~540жa╕╣,1738.0,,пSйw╣A╖~░╧,╣Aкке╬жa,1051201,дgжa1л╪кл0иожь0,,,ифеL,,,,0.0,0,0,0,ж│,╡L,1042800,600,,0.0,0,,RPQNMLQLJHMFFCQ56CA
е┴╢п╢m,дgжa,дj▒Tмq2221~2250жa╕╣,1180.8,╣A,,,1060101,дgжa1л╪кл0иожь0,,,ифеL,,,,0.0,0,0,0,ж│,╡L,2500000,2117,,0.0,0,,RPWNMLNLJHMFFCQ07EA
▒Ўдs╢m,дgжa,мьдlкLмq31~60жa╕╣,1149.0,,дsйYжaлOи|░╧,╣Aкке╬жa,1060101,дgжa2л╪кл0иожь0,,,ифеL,,,,0.0,0,0,0,ж│,╡L,340000,296,,0.0,0,┐╦д═бBн√дuй╬ифеLпSоэ├ЎлY╢бдзецйЎбC,RPPNMLOLJHMFFEQ66EA
ж╦▒T╢m,дgжa,е╦нэоHмq1141~1170жa╕╣,110.33,,дsйYжaлOи|░╧,д■║╪л╪┐vе╬жa,1060101,дgжa1л╪кл0иожь0,,,ифеL,,,,0.0,0,0,0,ж│,╡L,50000,453,,0.0,0,┐╦д═бBн√дuй╬ифеLпSоэ├ЎлY╢бдзецйЎбC,RPUNMLQLJHMFFEQ37EA
дЇдW╢m,дgжa,йM╢│мq391~420жa╕╣,137.62,,╢mз°░╧,дA║╪л╪┐vе╬жa,1060101,дgжa2л╪кл0иожь0,,,ифеL,,,,0.0,0,0,0,ж│,╡L,2081600,15126,,0.0,0,,RPROMLSKKHMFFDQ07CA
д╗╕}╢m,дgжa,╞Wлnмq61~90жa╕╣,24.77,,╢mз°░╧,дA║╪л╪┐vе╬жa,1050201,дgжa1л╪кл0иожь0,,,ифеL,,,,0.0,0,0,0,ж│,╡L,200000,8074,,0.0,0,┐╦д═бBн√дuй╬ифеLпSоэ├ЎлY╢бдзецйЎбC,RPPNMLSKKHMFFBQ66DA
дЇдW╢m,дgжa,дЇжшмq1051~1080жa╕╣,2237.05,жэ,,,1051101,дgжa4л╪кл0иожь0,,,ифеL,,,,0.0,0,0,0,ж│,╡L,30210000,13504,,0.0,0,,RPXNMLNLJHMFFDQ17DA
д╙лOел,й╨жa(дgжa+л╪кл),╣┼╕q┐дд╙лOеле_┤ф╕ЇдGмq403л╤31~60╕╣,88.0,жэ,,,1060101,дgжa1л╪кл1иожь0,е■,дT╝h,│zд╤нэ,жэоaе╬,┐√╡м▓V╛одg│y,0810704,140.46,4,1,3,ж│,╡L,4500000,32038,,0.0,0,,RPTNMLKLKHMFFDQ56DA
д╙лOел,й╨жa(дgжa+л╪кл),╣┼╕q┐дд╙лOел╣┼╕q┐дд╙лOелжwдпи╜│╗┤фдl░о31~60╕╣,8.07,,╢mз°░╧,дA║╪л╪┐vе╬жa,1060101,дgжa2л╪кл1иожь0,дн╝h,дн╝h,оMй╨(1й╨1╞U1╜├),игифеL╡n░Oи╞╢╡,┐√╡м▓V╛одg│y,0940815,23.34,1,1,1,ж│,╡L,500000,21422,,0.0,0,,RPOOMLOLJHMFFDQ09DA
д╙лOел,й╨жa(дgжa+л╪кл),╣┼╕q┐дд╙лOел╣┼╕q┐дд╙лOелжwдпи╜│╗┤фдl░о31~60╕╣,8.07,,╢mз°░╧,дA║╪л╪┐vе╬жa,1060101,дgжa2л╪кл1иожь0,дн╝h,дн╝h,оMй╨(1й╨1╞U1╜├),игифеL╡n░Oи╞╢╡,┐√╡м▓V╛одg│y,0940815,23.34,1,1,1,ж│,ж│,500000,21422,,0.0,0,,RPPOMLOLJHMFFDQ56DA
д╙лOел,й╨жa(дgжa+л╪кл),╣┼╕q┐дд╙лOелд╙лOелжwдпи╜│╗┤фдl░о31~60╕╣,8.07,,╢mз°░╧,дA║╪л╪┐vе╬жa,1060101,дgжa2л╪кл1иожь0,дн╝h,дн╝h,оMй╨(1й╨1╞U1╜├),игифеL╡n░Oи╞╢╡,┐√╡м▓V╛одg│y,0940815,23.34,1,1,1,ж│,ж│,500000,21422,,0.0,0,,SPPOMLOLJHMFFDQ66DA
д╙лOел,й╨жa(дgжa+л╪кл),╣┼╕q┐дд╙лOелжwдпи╜│╗┤фдlсY31~60╕╣,8.38,,╢mз°░╧,дA║╪л╪┐vе╬жa,1060101,дgжa1л╪кл1иожь0,дT╝h,дн╝h,оMй╨(1й╨1╞U1╜├),игифеL╡n░Oи╞╢╡,┐√╡м▓V╛одg│y,0930609,17.0,1,1,1,ж│,╡L,350000,20588,,0.0,0,,RPPNMLSKKHMFFDQ76CA
д╙лOел,й╨жa(дgжa+л╪кл),╣┼╕q┐дд╙лOелжwдпи╜│╗┤фдlсY31~60╕╣,9.66,,╢mз°░╧,дA║╪л╪┐vе╬жa,1060101,дgжa1л╪кл1иожь0,е|╝h,дн╝h,оMй╨(1й╨1╞U1╜├),игифеL╡n░Oи╞╢╡,┐√╡м▓V╛одg│y,0930609,19.53,1,1,1,ж│,╡L,400000,20481,,0.0,0,,SPPNMLSKKHMFFDQ86CA
дЇдW╢m,й╨жa(дgжa+л╪кл),╣┼╕q┐ддЇдW╢mмh╢mз°мhдlкL331~360╕╣,93.53,,╢mз°░╧,дA║╪л╪┐vе╬жa,1060101,дgжa1л╪кл1иожь0,е■,дG╝h,│zд╤нэ,жэоaе╬,┐√╡м▓V╛одgе[▒j┐j│y,0670210,105.62,3,3,2,ж│,╡L,1990000,18841,,0.0,0,,RPQNMLLKKHMFFDQ78CA
▒Ўдs╢m,дgжa,▒Ўе_мq2791~2820жa╕╣,2540.0,дu,,,1051201,дgжa1л╪кл0иожь0,,,ифеL,,,,0.0,0,0,0,ж│,╡L,18440400,7260,,0.0,0,,RPRNMLPLJHMFFEQ76CA
▒Ўдs╢m,й╨жa(дgжa+л╪кл),╣┼╕q┐д▒Ўдs╢mдд╡╪╡є91~120╕╣,116.0,жэ,,,1051201,дgжa1л╪кл1иожь0,е■,дT╝h,│zд╤нэ,игифеL╡n░Oи╞╢╡,┐√╡м▓V╛одg│y,1040415,230.65,4,3,3,ж│,╡L,6800000,29482,,0.0,0,╗∙кўзtд║│б│]│╞,RPSNMLPLJHMFFEQ86CA
▒Ўдs╢m,дgжa,дjпєоHмq241~270жa╕╣,786.0,,дsйYжaлOи|░╧,╣Aкке╬жa,1060101,дgжa1л╪кл0иожь0,,,ифеL,,,,0.0,0,0,0,ж│,╡L,160000,204,,0.0,0,┐╦д═пSоэ├ЎлY╢бдзецйЎбC,RPTNMLPLJHMFFEQ96CA
дЇдW╢m,дgжa,дU╢ю╖╛мqнл╣║дpмq721~750жa╕╣,1027.0,,пSйw╣A╖~░╧,╣Aкке╬жa,1060101,дgжa1л╪кл0иожь0,,,ифеL,,,,0.0,0,0,0,ж│,╡L,2120000,2064,,0.0,0,,RPUNMLMJKHMFFDQ56CA
дЇдW╢m,й╨жa(дgжa+л╪кл),╣┼╕q┐ддЇдW╢mдд╔▄з°дд╔▄391~420╕╣,135.41,,пSйw╣A╖~░╧,е╥║╪л╪┐vе╬жa,1051101,дgжa1л╪кл1иожь0,е■,дG╝h,│zд╤нэ,жэоaе╬,┐√╡м▓V╛одgе[▒j┐j│y,0700620,157.91,3,2,2,ж│,╡L,1950000,12349,,0.0,0,,RPQNMLOJKHMFFDQ98CA
ддоH╢m,дgжa,дj╕qмq481~510жa╕╣,2695.21,,пSйw╣A╖~░╧,╣Aкке╬жa,1051201,дgжa1л╪кл0иожь0,,,ифеL,,,,0.0,0,0,0,ж│,╡L,10180000,3777,,0.0,0,,RPPNMLRLJHMFFDQ66CA
дЇдW╢m,й╨жa(дgжa+л╪кл),╣┼╕q┐ддЇдW╢mдЇдWз°╡╪кL╡є31~60╕╣,111.69,жэ,,,1051201,дgжa1л╪кл1иожь0,е■,е|╝h,│zд╤нэ,жэоaе╬,┐√╡м▓V╛одg│y,1051014,208.68,4,3,4,ж│,╡L,7770000,37234,,0.0,0,,RPSNMLSKKHMFFDQ07CA
ж╦▒T╢m,дgжa,йMенмq181~210жa╕╣,338.14,╣A,,,1060101,дgжa2л╪кл0иожь0,,,ифеL,,,,0.0,0,0,0,ж│,╡L,2500000,7393,,0.0,0,,RPPNMLPLJHMFFEQ56CA
д╙лOел,й╨жa(дgжa+л╪кл),╣┼╕q┐дд╙лOелд╜╢ще_╡єдT╝╙дз1~30╕╣,9.74,жэ,,,1051201,дgжa1л╪кл1иожь0,дT╝h,дн╝h,оMй╨(1й╨1╞U1╜├),жэоaе╬,┐√╡м▓V╛одg│y,0930803,32.71,1,1,1,ж│,╡L,500000,15286,,0.0,0,,RPQNMLQLJHMFFDQ76DA
д╙лOел,й╨жa(дgжa+л╪кл),╣┼╕q┐дд╙лOелд╜╢ще_╡є31~60╕╣,11.45,жэ,,,1051201,дgжa1л╪кл1иожь0,дT╝h,дн╝h,оMй╨(1й╨1╞U1╜├),жэоaе╬,┐√╡м▓V╛одg│y,0930803,38.96,1,1,1,ж│,╡L,500000,12834,,0.0,0,,SPQNMLQLJHMFFDQ86DA
дЇдW╢m,й╨жa(дgжa+л╪кл),╣┼╕q┐ддЇдW╢mдU╝d151~180╕╣,104.22,,╢mз°░╧,дA║╪л╪┐vе╬жa,1051201,дgжa1л╪кл1иожь0,е■,дG╝h,│zд╤нэ,жэоaе╬,┐√╡м▓V╛одgе[▒j┐j│y,0690510,96.88,3,1,2,ж│,╡L,1850000,19096,,0.0,0,,RPTNMLOLJHMFFDQ86DA
кFе█╢m,й╨жa(дgжa+л╪кл),╣┼╕q┐дкFе█╢m╞[о№д@╕Ї61~90╕╣,100.45,,пSйw▒Mе╬░╧,е╥║╪л╪┐vе╬жa,1060101,дgжa1л╪кл1иожь0,е■,дT╝h,│zд╤нэ,игифеL╡n░Oи╞╢╡,┐√╡м▓V╛одg│y,1050804,183.68,5,2,4,ж│,╡L,5700000,31032,,0.0,0,,RPUNMLPLJHMFFBQ86DA
ж╡дlел,й╨жa(дgжa+л╪кл),╣┼╕q┐дж╡дlел╣┼ж╡╕Їжшмq31~60╕╣,36.18,жэ,,,1060101,дgжa1л╪кл1иожь0,дE╝h,дQ╝h,╡╪╖H(10╝hзtеHдUж│╣q▒ш),жэоaе╬,┐√╡м▓V╛одg│y,0860110,77.53,3,1,2,ж│,ж│,3080000,39727,,0.0,0,,RPQNMLQLJHMFFBQ56DA
╡f╕Ї╢m,дgжa,дj┤Ємq61~90жa╕╣,12337.0,,┤╦кL░╧,╣Aкке╬жa,1051201,дgжa2л╪кл0иожь0,,,ифеL,,,,0.0,0,0,0,ж│,╡L,1200000,97,,0.0,0,┐╦д═бBн√дuй╬ифеLпSоэ├ЎлY╢бдзецйЎбC,RPQNMLPLJHMFFEQ86EA
е┴╢п╢m,й╨жa(дgжa+л╪кл),╣┼╕q┐де┴╢п╢mдj▒Tз°1~30╕╣,109.97,,╢mз°░╧,дA║╪л╪┐vе╬жa,1051201,дgжa1л╪кл1иожь0,е■,дG╝h,│zд╤нэ,жэоaе╬,┐√╡м▓V╛одgе[▒j┐j│y,0700508,109.59,3,2,2,ж│,╡L,3500000,31937,,0.0,0,┐╦д═бBн√дuй╬ифеLпSоэ├ЎлY╢бдзецйЎбC,RPRNMLMJKHMFFCQ78CA
╖s┤ф╢m,дgжa,жш╔▄мqжш╔▄дpмq211~240жa╕╣,2425.0,,пSйw╣A╖~░╧,╣Aкке╬жa,1060101,дgжa1л╪кл0иожь0,,,ифеL,,,,0.0,0,0,0,ж│,╡L,2400000,990,,0.0,0,,RPPOMLPLJHMFFCQ09CA
дjкL┬э,й╨жa(дgжa+л╪кл),╣┼╕q┐ддjкL┬эенкLи╜е┴▒┌╕Ї189л╤1~30╕╣,116.24,жэ,,,1051201,дgжa2л╪кл1иожь0,е■,дT╝h,│zд╤нэ,игифеL╡n░Oи╞╢╡,┐√╡м▓V╛одg│y,1041113,191.15,4,2,3,ж│,╡L,8400000,43945,,0.0,0,,RPQNMLOLJHMFFCQ98CA
│└пє╢m,дgжa,│┬изй▒мqдU│┬дpмq391~420жa╕╣,1010.0,,пSйw╣A╖~░╧,╣Aкке╬жa,1051201,дgжa1л╪кл0иожь0,,,ифеL,,,,0.0,0,0,0,ж│,╡L,1000000,990,,0.0,0,,RPRNMLLJKHMFFDQ78CA
ддоH╢m,дgжa,ж╦└Y▒Tмq31~60жa╕╣,1000.0,,дsйYжaлOи|░╧,╣Aкке╬жa,1060101,дgжa1л╪кл0иожь0,,,ифеL,,,,0.0,0,0,0,ж│,╡L,165000,165,,0.0,0,,RPRNMLQLJHMFFDQ76CA
ж╡дlел,й╨жa(дgжa+л╪кл),╣┼╕q┐дж╡дlел╖s╢i╕Ї181~210╕╣,133.0,жэ,,,1051201,дgжa2л╪кл1иожь0,е■,е|╝h,│zд╤нэ,жэоaе╬,┐√╡м▓V╛одg│y,1051114,282.57,4,1,2,ж│,╡L,16000000,56623,,0.0,0,,RPWNMLMJKHMFFBQ56CA
ем│U┬э,дgжa,╡цчE·Sмq╖sжNдpмq31~60жa╕╣,970.46,,д@пы╣A╖~░╧,╣Aкке╬жa,1051201,дgжa1л╪кл0иожь0,,,ифеL,,,,0.0,0,0,0,ж│,╡L,733500,756,,0.0,0,┐╦д═бBн√дuй╬ифеLпSоэ├ЎлY╢бдзецйЎбC,RPSNMLPLJHMFFBQ56CA
╕qж╦╢m,дgжa,└Yж╦│Ємq└Yж╦дpмq511~540жa╕╣,6512.0,,пSйw╣A╖~░╧,╣Aкке╬жa,1060101,дgжa3л╪кл0иожь0,,,ифеL,,,,0.0,0,0,0,ж│,╡L,5860800,900,,0.0,0,,RPVNMLPLJHMFFBQ86CA
╕qж╦╢m,дgжa,╖╦мwмqдW╖╦дpмq841~870жa╕╣,2621.0,,пSйw╣A╖~░╧,╣Aкке╬жa,1060101,дgжa1л╪кл0иожь0,,,ифеL,,,,0.0,0,0,0,ж│,╡L,1913330,730,,0.0,0,┐╦д═бBн√дuй╬ифеLпSоэ├ЎлY╢бдзецйЎбC,RPWNMLPLJHMFFBQ96CA
╕qж╦╢m,й╨жa(дgжa+л╪кл),╣┼╕q┐д╕qж╦╢m╢╟к┌з°2╛F╕qж╦451~480╕╣,156.0,жэ,,,1051101,дgжa1л╪кл1иожь0,е■,дG╝h,│zд╤нэ,жэоaе╬,┐√╡м▓V╛одgе[▒j┐j│y,0690711,99.46,2,2,1,ж│,╡L,2380000,23929,,0.0,0,,RPXNMLPLJHMFFBQ07CA
╕qж╦╢m,дgжa,╖╦мwмq╖╦мwдpмq391~420жa╕╣,79.83,,╢mз°░╧,дA║╪л╪┐vе╬жa,1060101,дgжa2л╪кл0иожь0,,,ифеL,,,,0.0,0,0,0,ж│,╡L,200000,2505,,0.0,0,┐╦д═бBн√дuй╬ифеLпSоэ├ЎлY╢бдзецйЎбC,RPSNMLMJKHMFFBQ78CA
╕qж╦╢m,дgжa,╖╦мwмq╖╦мwдpмq811~840жa╕╣,2138.0,,пSйw╣A╖~░╧,╣Aкке╬жa,1060101,дgжa2л╪кл0иожь0,,,ифеL,,,,0.0,0,0,0,ж│,╡L,1900000,889,,0.0,0,┐╦д═бBн√дuй╬ифеLпSоэ├ЎлY╢бдзецйЎбC,RPTNMLMJKHMFFBQ88CA
д╗╕}╢m,дgжa,кLд║мqкLд║дpмq31~60жa╕╣,1707.0,,пSйw╣A╖~░╧,╣Aкке╬жa,1060101,дgжa1л╪кл0иожь0,,,ифеL,,,,0.0,0,0,0,ж│,╡L,1194900,700,,0.0,0,,RPTNMLMKKHMFFBQ98CA
кFе█╢m,дgжa,дU┤едl╝dмq151~180жa╕╣,896.58,,╢mз°░╧,дA║╪л╪┐vе╬жa,1060101,дgжa6л╪кл0иожь0,,,ифеL,,,,0.0,0,0,0,ж│,╡L,5202000,5802,,0.0,0,,RPVNMLSKKHMFFBQ17CA
д╗╕}╢m,дgжa,╗[└Yмq╗[└Yдpмq91~120жa╕╣,1475.0,,пSйw╣A╖~░╧,╣Aкке╬жa,1051201,дgжa1л╪кл0иожь0,,,ифеL,,,,0.0,0,0,0,ж│,╡L,1475000,1000,,0.0,0,┐╦д═бBн√дuй╬ифеLпSоэ├ЎлY╢бдзецйЎбC,RPOOMLNLKHMFFBQ78CA
дЇдW╢m,дgжa,дTм╔оHмq301~330жa╕╣,295.23,,дsйYжaлOи|░╧,д■║╪л╪┐vе╬жa,1060101,дgжa3л╪кл0иожь0,,,ифеL,,,,0.0,0,0,0,ж│,╡L,2350000,7960,,0.0,0,,RPXNMLQLJHMFFDQ37CA
д╙лOел,й╨жa(дgжa+л╪кл),╣┼╕q┐дд╙лOел│┬╝dи╜дTжX╕Ї313л╤1~30╕╣,107.01,жэ,,,1060101,дgжa3л╪кл1иожь0,е■,дT╝h,│zд╤нэ,жэоaе╬,┐√╡м▓V╛одg│y,1050819,170.95,4,3,3,ж│,╡L,5630000,32934,,0.0,0,,RPRNMLPLJHMFFDQ66CA
д╙лOел,й╨жa(дgжa+л╪кл),╣┼╕q┐дд╙лOел┬┬░ёи╜╖s░ё╕Ї1~30╕╣,86.0,,пSйw╣A╖~░╧,е╥║╪л╪┐vе╬жa,1060101,дgжa1л╪кл1иожь0,е■,е|╝h,│zд╤нэ,жэ░╙е╬,┐√╡м▓V╛одg│y,0860205,173.21,4,2,3,ж│,╡L,5500000,31753,,0.0,0,,RPTNMLPLJHMFFDQ86CA
е┴╢п╢m,й╨жa(дgжa+л╪кл),╣┼╕q┐де┴╢п╢mе_дцз°е·й·дG╡є331~360╕╣,78.0,жэ,,,1051201,дgжa1л╪кл1иожь0,е■,дT╝h,│zд╤нэ,жэоaе╬,┐√╡м▓V╛одg│y,0820816,164.12,4,3,3,ж│,╡L,3200000,19498,,0.0,0,,RPPNMLLKKHMFFCQ58CA
е┴╢п╢m,й╨жa(дgжa+л╪кл),╣┼╕q┐ддjкL┬э?║╓з°11╛F?║╓61~90╕╣,14.08,жэ,,,1060101,дgжa1л╪кл1иожь0,дT╝h,дн╝h,оMй╨(1й╨1╞U1╜├),игифеL╡n░Oи╞╢╡,┐√╡м▓V╛одg│y,0960623,28.18,1,1,1,ж│,ж│,750000,26615,,0.0,0,,RPQNMLMKKHMFFCQ78CA
дjкL┬э,й╨жa(дgжa+л╪кл),╣┼╕q┐ддjкL┬эенкLи╜лH╕q╡є49л╤1~30╕╣,27.57,жэ,,,1060101,дgжa5л╪кл2иожь0,д@╝h,дн╝h,д╜┤J(5╝╙зtеHдU╡L╣q▒ш),░ъе┴жэжv,┐√╡м▓V╛одg│y,0720312,77.11,3,1,1,ж│,ж│,1200000,15562,,0.0,0,,RPXNMLMJKHMFFCQ76CA
е┴╢п╢m,й╨жa(дgжa+л╪кл),╣┼╕q┐де┴╢п╢mкў┐│з°8╛F┤fжw╡є26л╤1~30╕╣,100.02,жэ,,,1051201,дgжa1л╪кл1иожь0,е■,дG╝h,│zд╤нэ,жэоaе╬,┐√╡м▓V╛одgе[▒j┐j│y,0701231,111.71,4,3,2,ж│,╡L,1600000,14323,,0.0,0,,RPTNMLNJKHMFFCQ09CA
╡f╕Ї╢m,дgжa,╡f╕Їмq121~150жa╕╣,124.28,,дsйYжaлOи|░╧,д■║╪л╪┐vе╬жa,1051201,дgжa1л╪кл0иожь0,,,ифеL,,,,0.0,0,0,0,ж│,╡L,189814,1527,,0.0,0,,RPPNMLKKKHMFFEQ78DA
╡f╕Ї╢m,дgжa,д╜е╨мq91~120жa╕╣,2000.5,,┤╦кL░╧,╣Aкке╬жa,1060101,дgжa2л╪кл0иожь0,,,ифеL,,,,0.0,0,0,0,ж│,╡L,265000,132,,0.0,0,,RPSNMLSJKHMFFEQ07CA
╡f╕Ї╢m,дgжa,д╜е╨мq121~150жa╕╣,1000.5,,┤╦кL░╧,╣Aкке╬жa,1051201,дgжa1л╪кл0иожь0,,,ифеL,,,,0.0,0,0,0,ж│,╡L,150000,150,,0.0,0,жь╕m░╛╗ўбA╡L╣яе~┴p╡╕╣D╕ЇбA─щдь┬Oе═бC,RPTNMLSJKHMFFEQ17CA
кFе█╢m,дgжa,┤фсYнэмq└s┤фдpмq1051~1080жa╕╣,1036.0,,д@пы╣A╖~░╧,╣Aкке╬жa,1060101,дgжa1л╪кл0иожь0,,,ифеL,,,,0.0,0,0,0,ж│,╡L,500000,483,,0.0,0,и№╢┼┼v╢┼░╚╝v┼Tй╬╢┼░╚йш└vдзецйЎбC,RPQNMLSJKHMFFBQ66DA
дЇдW╢m,й╨жa(дgжa+л╪кл),╣┼╕q┐ддЇдW╢mдддs╕ЇдGмq481~510╕╣,83.21,░╙,,,1060101,дgжa1л╪кл1иожь0,е■,е|╝h,│zд╤нэ,жэ░╙е╬,┐√╡м▓V╛одg│y,0860107,187.9,5,1,5,ж│,╡L,4300000,22885,,0.0,0,,RPSNMLQLJHMFFDQ96DA
дЇдW╢m,й╨жa(дgжa+л╪кл),╣┼╕q┐ддЇдW╢mдЇ└Yз°ддйM╕Ї83л╤2з╦1~30╕╣,91.0,жэ,,,1051201,дgжa2л╪кл1иожь0,е■,е|╝h,│zд╤нэ,жэоaе╬,┐√╡м▓V╛одg│y,0821123,197.74,6,3,4,ж│,╡L,3350000,16941,,0.0,0,,RPVNMLSKKHMFFDQ37CA
╡f╕Ї╢m,дgжa,╡f╕Їмq31~60жa╕╣,6939.0,,дsйYжaлOи|░╧,╣Aкке╬жa,1051101,дgжa1л╪кл0иожь0,,,ифеL,,,,0.0,0,0,0,ж│,╡L,7463000,1076,,0.0,0,,RPRNMLMJKHMFFEQ98CA
дЇдW╢m,й╨жa(дgжa+л╪кл),╣┼╕q┐ддЇдW╢mлnйMз°лс╝d61~90╕╣,39.25,,пSйw╣A╖~░╧,е╥║╪л╪┐vе╬жa,1060101,дgжa1л╪кл1иожь0,д@╝h,е|╝h,д╜┤J(5╝╙зtеHдU╡L╣q▒ш),░╙╖~е╬,┐√╡м▓V╛одg│y,0860715,123.88,1,0,1,ж│,╡L,1300000,10494,,0.0,0,,RPTNMLMJKHMFFDQ09CA
ддоH╢m,дgжa,д¤╖▌мq961~990жa╕╣,2104.33,,пSйw╣A╖~░╧,╣Aкке╬жa,1051201,дgжa1л╪кл0иожь0,,,ифеL,,,,0.0,0,0,0,ж│,╡L,1880000,893,,0.0,0,,RPQNMLPJKHMFFDQ09CA
д╙лOел,й╨жa(дgжa+л╪кл)+иожь,╣┼╕q┐дд╙лOел│┬╝dи╜е┴е═╕Ї90л╤31~60╕╣,20.44,жэ,,,1060101,дgжa1л╪кл1иожь1,дT╝h,д╗╝h,╡╪╖H(10╝hзtеHдUж│╣q▒ш),игифеL╡n░Oи╞╢╡,┐√╡м▓V╛одg│y,0860628,98.49000000000001,3,2,2,ж│,╡L,1320000,13402,йY╣Dенн▒,0.0,0,,RPRNMLNJKHMFFDQ98CA
д╙лOел,й╨жa(дgжa+л╪кл),╣┼╕q┐дд╙лOел┬┬░ёи╜╖s░ё1~30╕╣,123.47,,пSйw╣A╖~░╧,е╥║╪л╪┐vе╬жa,1051201,дgжa5л╪кл1иожь0,е■,е|╝h,│zд╤нэ,игифеL╡n░Oи╞╢╡,┐√╡м▓V╛одg│y,1050726,167.01,5,2,2,ж│,╡L,7000000,41914,,0.0,0,,RPRNMLQJKHMFFDQ66CA
д╙лOел,й╨жa(дgжa+л╪кл),╣┼╕q┐дд╙лOел┬┬░ёи╜╖s░ё1~30╕╣,87.42,,пSйw╣A╖~░╧,е╥║╪л╪┐vе╬жa,1051201,дgжa4л╪кл1иожь0,е■,е|╝h,│zд╤нэ,жэоaе╬,┐√╡м▓V╛одg│y,1050726,142.35,4,2,2,ж│,╡L,4380000,30769,,0.0,0,,RPTNMLQJKHMFFDQ86CA
д╙лOел,й╨жa(дgжa+л╪кл),╣┼╕q┐дд╙лOел┬┬░ёи╜╖s░ё1~30╕╣,83.85,,пSйw╣A╖~░╧,е╥║╪л╪┐vе╬жa,1051201,дgжa5л╪кл1иожь0,е■,е|╝h,│zд╤нэ,жэоaе╬,┐√╡м▓V╛одg│y,1050726,135.38,4,2,2,ж│,╡L,4210000,31098,,0.0,0,,RPVNMLQJKHMFFDQ07CA
д╙лOел,й╨жa(дgжa+л╪кл),╣┼╕q┐дд╙лOел┬┬░ёи╜╖s░ё1~30╕╣,113.53,,пSйw╣A╖~░╧,е╥║╪л╪┐vе╬жa,1051201,дgжa5л╪кл1иожь0,е■,дT╝h,│zд╤нэ,жэоaе╬,┐√╡м▓V╛одg│y,1050726,158.45,5,2,2,ж│,╡L,5580000,35216,,0.0,0,,RPWNMLQJKHMFFDQ17CA
д╙лOел,й╨жa(дgжa+л╪кл),╣┼╕q┐дд╙лOел┬┬░ёи╜╖s░ё1~30╕╣,91.33,,пSйw╣A╖~░╧,е╥║╪л╪┐vе╬жa,1051201,дgжa4л╪кл1иожь0,е■,е|╝h,│zд╤нэ,жэоaе╬,┐√╡м▓V╛одg│y,1050726,141.8,4,2,2,ж│,╡L,4390000,30959,,0.0,0,,RPXNMLQJKHMFFDQ27CA
д╙лOел,й╨жa(дgжa+л╪кл),╣┼╕q┐дд╙лOел┬┬░ёи╜╖s░ё1~30╕╣,137.48,,пSйw╣A╖~░╧,е╥║╪л╪┐vе╬жa,1051201,дgжa5л╪кл1иожь0,е■,е|╝h,│zд╤нэ,жэоaе╬,┐√╡м▓V╛одg│y,1050726,205.76,5,2,2,ж│,╡L,6550000,31833,,0.0,0,,RPOOMLQJKHMFFDQ09CA
дЇдW╢m,дgжa,╝eдhмq811~840жa╕╣,65.36,,╢mз°░╧,дA║╪л╪┐vе╬жa,1051201,дgжa1л╪кл0иожь0,,,ифеL,,,,0.0,0,0,0,ж│,╡L,410000,6273,,0.0,0,,RPPNMLRJKHMFFDQ56CA
╡f╕Ї╢m,дgжa,ёFдl╕}мq271~300жa╕╣,48.0,╣A,,,1060101,дgжa1л╪кл0иожь0,,,ифеL,,,,0.0,0,0,0,ж│,╡L,116160,2420,,0.0,0,╖ю╣sжaй╬ж│жXи╓и╧е╬дзецйЎбC,RPPNMLQJKHMFFEQ56CA
д╙лOел,й╨жa(дgжa+л╪кл),╣┼╕q┐дд╙лOеллс╝ци╜лс╝ц361~390╕╣,154.59,жэ,,,1051201,дgжa3л╪кл1иожь0,е■,дT╝h,│zд╤нэ,жэоaе╬,┐√╡м▓V╛одg│y,0830810,193.52,4,2,3,ж│,╡L,3500000,18086,,0.0,0,,RPUNMLKLKHMFFDQ66DA
д╗╕}╢m,дgжa,╞Wе_мq481~510жa╕╣,716.46,,д@пы╣A╖~░╧,╣Aкке╬жa,1060101,дgжa1л╪кл0иожь0,,,ифеL,,,,0.0,0,0,0,ж│,╡L,900000,1256,,0.0,0,,RPPNMLNJKHMFFBQ68DA
дjкL┬э,й╨жa(дgжa+л╪кл),╣┼╕q┐ддjкL┬эдTйMи╜12╛Fдд┐│╕ЇдGмq1л╤1~30╕╣,119.29,,пSйw╣A╖~░╧,е╥║╪л╪┐vе╬жa,1060101,дgжa1л╪кл1иожь0,е■,дG╝h,│zд╤нэ,жэоaе╬,┐√╡м▓V╛одgе[▒j┐j│y,0710611,121.65,6,2,3,ж│,╡L,3150000,25894,,0.0,0,,RPTNMLOLKHMFFCQ96EA
е┴╢п╢m,й╨жa(дgжa+л╪кл),╣┼╕q┐де┴╢п╢m╡╫оHз°╡╫оH121~150╕╣,2555.0,,пSйw╣A╖~░╧,╣Aкке╬жa,1051201,дgжa1л╪кл1иожь0,д@╝h,д@╝h,ифеL,игифеL╡n░Oи╞╢╡,игифеL╡n░Oи╞╢╡,0890621,1887.94,0,0,0,╡L,╡L,15300000,8104,,0.0,0,,RPQNMLNJKHMFFCQ78CA
╖s┤ф╢m,дgжa,▒[дlмq▒[дlдpмq661~690жa╕╣,4684.0,,пSйw╣A╖~░╧,╣Aкке╬жa,1060101,дgжa1л╪кл0иожь0,,,ифеL,,,,0.0,0,0,0,ж│,╡L,3410000,728,,0.0,0,,RPRNMLNJKHMFFCQ88CA
╖s┤ф╢m,дgжa,┤_┐│мq811~840жa╕╣,43.44,,пSйw╣A╖~░╧,дЇзQе╬жa,1060101,дgжa1л╪кл0иожь0,,,ифеL,,,,0.0,0,0,0,ж│,╡L,26279,605,,0.0,0,,RPSNMLNJKHMFFCQ98CA
дjкL┬э,дgжa,дjоHм№мqдjм№дpмq1~30жa╕╣,10058.0,,дu╖~░╧,дB║╪л╪┐vе╬жa,1060101,дgжa1л╪кл0иожь0,,,ифеL,,,,0.0,0,0,0,ж│,╡L,99131648,9856,,0.0,0,жVмFй▓╛ў├Ўй╙┴╩дзо╫еєбC,RPSNMLNKKHMFFCQ09CA
╖s┤ф╢m,й╨жa(дgжa+л╪кл),╣┼╕q┐д╖s┤ф╢mоcлeз°24╛F╖sкF╡є19л╤1~30╕╣,151.0,жэ,,,1051201,дgжa3л╪кл1иожь0,е■,дT╝h,│zд╤нэ,игифеL╡n░Oи╞╢╡,┐√╡м▓V╛одg│y,0940713,185.71,6,3,4,ж│,╡L,6300000,33924,,0.0,0,,RPOOMLQKKHMFFCQ09CA
ем│U┬э,дgжa,ж╥╕╒╝цмq│└жwдpмq121~150жa╕╣,1736.52,,д@пы╣A╖~░╧,╣Aкке╬жa,1060101,дgжa1л╪кл0иожь0,,,ифеL,,,,0.0,0,0,0,ж│,╡L,1002597,577,,0.0,0,,RPUNMLOKKHMFFBQ66CA
ж╡дlел,й╨жa(дgжa+л╪кл),╣┼╕q┐дж╡дlелдjжPкF╕Ї31~60╕╣,99.0,жэ,,,1051201,дgжa1л╪кл1иожь0,е■,дT╝h,│zд╤нэ,игифеL╡n░Oи╞╢╡,┐√╡м▓V╛одg│y,1050427,200.15,4,3,5,ж│,╡L,12000000,59955,,0.0,0,,RPPNMLKKKHMFFBQ38CA
╕qж╦╢m,дgжa,╖sй▒мq1951~1980жa╕╣,119.0,,д@пы╣A╖~░╧,дЇзQе╬жa,1060101,дgжa1л╪кл0иожь0,,,ифеL,,,,0.0,0,0,0,ж│,╡L,72000,605,,0.0,0,,RPRNMLQLJHMFFBQ56CA
кFе█╢m,дgжa,о▀дl▒[мqлсоHдpмq241~270жa╕╣,491.04,,д@пы╣A╖~░╧,╣Aкке╬жa,1060101,дgжa1л╪кл0иожь0,,,ифеL,,,,0.0,0,0,0,ж│,╡L,423000,861,,0.0,0,,RPRNMLMJKHMFFBQ68CA
ж╡дlел,й╨жa(дgжa+л╪кл),╣┼╕q┐дж╡дlел╖sе═╡є215л╤1~30╕╣,78.81,жэ,,,1060101,дgжa1л╪кл1иожь0,е■,дT╝h,│zд╤нэ,жэ░╙е╬,┐√╡м▓V╛одgе[▒j┐j│y,0730330,115.29,4,2,3,ж│,╡L,3500000,30358,,0.0,0,,RPQNMLNJKHMFFBQ68CA
